data,no2_mitja,no2_max,temperatura,humitat,precipitacio,vent_velocitat,vent_max,pressio,dia_setmana_num,es_cap_setmana,mes,any_,hores_amb_dada,no2_lag1,no2_lag2,no2_lag7,no2_mm3,no2_mm7,vent_lag1,precip_lag1,dia_any_sin,dia_any_cos
2023-10-07,35.42,57.0,22.45,83.63,0.1,6.36,14.8,1021.56,6,True,10,2023,24,,,,,,,,-0.9942,0.1074
2023-10-08,30.67,77.0,21.65,84.33,0.0,6.4,14.9,1021.55,0,True,10,2023,24,35.42,,,35.42,35.42,6.36,0.1,-0.9922,0.1245
2023-10-09,33.17,53.0,21.64,80.83,0.0,8.36,19.8,1021.23,1,False,10,2023,24,30.67,35.42,,33.05,33.05,6.4,0.0,-0.9899,0.1415
2023-10-10,35.04,72.0,21.49,77.67,0.0,8.84,19.0,1019.32,2,False,10,2023,24,33.17,30.67,,33.09,33.09,8.36,0.0,-0.9873,0.1586
2023-10-11,40.46,85.0,20.38,81.67,0.0,8.52,18.8,1018.6,3,False,10,2023,24,35.04,33.17,,32.96,33.58,8.84,0.0,-0.9845,0.1755
2023-10-12,21.79,41.0,20.47,82.75,0.0,8.47,20.0,1018.19,4,False,10,2023,24,40.46,35.04,,36.22,34.95,8.52,0.0,-0.9813,0.1925
2023-10-13,29.96,67.0,20.68,82.54,0.0,10.15,21.4,1016.27,5,False,10,2023,24,21.79,40.46,,32.43,32.76,8.47,0.0,-0.9778,0.2093
2023-10-14,28.63,65.0,21.57,73.71,0.0,6.65,13.4,1015.32,6,True,10,2023,24,29.96,21.79,35.42,30.74,32.36,10.15,0.0,-0.9741,0.2261
2023-10-15,33.33,62.0,19.78,81.17,3.9,7.11,13.2,1014.44,0,True,10,2023,24,28.63,29.96,30.67,26.79,31.39,6.65,0.0,-0.9701,0.2428
2023-10-16,35.96,67.0,19.15,85.33,20.2,10.16,22.7,1010.34,1,False,10,2023,24,33.33,28.63,33.17,30.64,31.77,7.11,3.9,-0.9657,0.2595
2023-10-17,41.25,67.0,19.95,86.25,0.4,6.63,15.3,1007.99,2,False,10,2023,24,35.96,33.33,35.04,32.64,32.17,10.16,20.2,-0.9611,0.2761
2023-10-18,51.25,79.0,21.39,83.65,0.6,9.25,21.4,1002.21,3,False,10,2023,20,41.25,35.96,40.46,36.85,33.05,6.63,0.4,-0.9562,0.2926
2023-10-19,36.13,75.0,21.18,71.21,3.8,17.07,40.4,994.12,4,False,10,2023,24,51.25,41.25,21.79,42.82,34.6,9.25,0.6,-0.9511,0.309
2023-10-20,19.25,35.0,18.97,63.54,11.4,19.65,33.2,988.68,5,False,10,2023,24,36.13,51.25,29.96,42.88,36.64,17.07,3.8,-0.9456,0.3253
2023-10-21,16.71,34.0,16.5,57.67,0.0,9.53,14.8,1001.81,6,True,10,2023,24,19.25,36.13,28.63,35.54,35.11,19.65,11.4,-0.9399,0.3416
2023-10-22,28.46,47.0,15.21,68.96,1.3,6.84,13.2,1008.08,0,True,10,2023,24,16.71,19.25,33.33,24.03,33.41,9.53,0.0,-0.9338,0.3577
2023-10-23,36.38,69.0,20.56,72.46,0.7,12.01,19.8,1003.7,1,False,10,2023,24,28.46,16.71,35.96,21.47,32.72,6.84,1.3,-0.9275,0.3737
2023-10-24,23.83,54.0,18.32,63.5,7.3,14.64,22.3,1006.38,2,False,10,2023,24,36.38,28.46,41.25,27.18,32.78,12.01,0.7,-0.921,0.3896
2023-10-25,22.38,59.0,18.63,57.96,0.0,15.41,23.4,1005.83,3,False,10,2023,24,23.83,36.38,51.25,29.56,30.29,14.64,7.3,-0.9141,0.4054
2023-10-26,29.5,67.0,21.4,61.75,0.2,17.3,31.1,1001.0,4,False,10,2023,24,22.38,23.83,36.13,27.53,26.16,15.41,0.0,-0.907,0.4211
2023-10-27,23.79,43.0,19.07,47.79,0.0,19.38,30.5,1002.55,5,False,10,2023,24,29.5,22.38,19.25,25.24,25.22,17.3,0.2,-0.8996,0.4367
2023-10-28,29.63,55.0,17.88,63.17,0.0,11.95,23.1,1005.21,6,True,10,2023,24,23.79,29.5,16.71,25.22,25.86,19.38,0.0,-0.892,0.4521
2023-10-29,24.35,58.0,17.69,73.78,0.0,11.1,25.7,1004.2,0,True,10,2023,23,29.63,23.79,28.46,27.64,27.71,11.95,0.0,-0.8841,0.4674
2023-10-30,44.88,85.0,16.91,76.71,0.7,9.95,23.4,1001.57,1,False,10,2023,24,24.35,29.63,36.38,25.92,27.12,11.1,0.0,-0.8759,0.4825
2023-10-31,28.13,55.0,15.93,55.63,0.0,8.85,16.3,1010.86,2,False,10,2023,24,44.88,24.35,23.83,32.95,28.34,9.95,0.7,-0.8675,0.4975
2023-11-01,27.25,43.0,15.62,64.04,0.0,11.19,25.3,1009.39,3,False,11,2023,24,28.13,44.88,22.38,32.45,28.95,8.85,0.0,-0.8588,0.5124
2023-11-02,21.29,43.0,18.19,63.13,5.5,22.02,38.9,996.4,4,False,11,2023,24,27.25,28.13,29.5,33.42,29.65,11.19,0.0,-0.8498,0.5271
2023-11-03,15.33,33.0,14.43,44.38,0.0,25.91,36.3,997.11,5,False,11,2023,24,21.29,27.25,23.79,25.56,28.47,22.02,5.5,-0.8406,0.5416
2023-11-04,21.0,41.0,16.25,59.79,0.8,18.94,28.6,996.03,6,True,11,2023,24,15.33,21.29,29.63,21.29,27.27,25.91,0.0,-0.8312,0.556
2023-11-05,14.13,40.0,17.22,40.75,0.0,23.02,31.1,1000.37,0,True,11,2023,24,21.0,15.33,24.35,19.21,26.03,18.94,0.8,-0.8215,0.5702
2023-11-06,28.21,44.0,14.6,55.58,0.1,10.29,16.4,1011.03,1,False,11,2023,24,14.13,21.0,44.88,16.82,24.57,23.02,0.0,-0.8115,0.5843
2023-11-07,26.79,47.0,12.09,65.67,0.0,8.62,17.7,1017.66,2,False,11,2023,24,28.21,14.13,28.13,21.11,22.19,10.29,0.1,-0.8014,0.5982
2023-11-08,31.21,58.0,11.75,59.75,0.0,10.37,21.1,1019.26,3,False,11,2023,24,26.79,28.21,27.25,23.04,22.0,8.62,0.0,-0.7909,0.6119
2023-11-09,41.7,70.0,12.64,77.75,1.0,6.54,10.4,1012.7,4,False,11,2023,20,31.21,26.79,21.29,28.74,22.57,10.37,0.0,-0.7803,0.6254
2023-11-10,37.83,78.0,15.58,56.04,0.0,14.57,28.3,1010.18,5,False,11,2023,24,41.7,31.21,15.33,33.23,25.48,6.54,1.0,-0.7694,0.6387
2023-11-11,43.33,73.0,14.02,75.04,0.0,5.63,19.8,1010.45,6,True,11,2023,24,37.83,41.7,21.0,36.91,28.7,14.57,0.0,-0.7583,0.6519
2023-11-12,31.38,66.0,16.75,78.46,0.0,7.3,15.1,1011.62,0,True,11,2023,24,43.33,37.83,14.13,40.95,31.89,5.63,0.0,-0.747,0.6649
2023-11-13,50.5,76.0,18.35,67.83,0.0,9.46,17.2,1017.15,1,False,11,2023,24,31.38,43.33,28.21,37.51,34.35,7.3,0.0,-0.7354,0.6776
2023-11-14,41.08,71.0,19.6,61.63,0.0,11.9,20.3,1016.67,2,False,11,2023,24,50.5,31.38,26.79,41.74,37.53,9.46,0.0,-0.7236,0.6902
2023-11-15,44.33,85.0,16.33,79.79,0.1,8.51,15.6,1020.12,3,False,11,2023,24,41.08,50.5,31.21,40.99,39.58,11.9,0.0,-0.7117,0.7025
2023-11-16,46.08,71.0,17.65,77.33,0.0,8.19,15.7,1017.72,4,False,11,2023,24,44.33,41.08,41.7,45.3,41.45,8.51,0.1,-0.6995,0.7147
2023-11-17,45.17,77.0,15.87,83.71,2.3,8.38,18.4,1020.22,5,False,11,2023,24,46.08,44.33,37.83,43.83,42.08,8.19,0.0,-0.6871,0.7266
2023-11-18,30.79,70.0,15.22,83.79,0.0,6.7,15.6,1022.71,6,True,11,2023,24,45.17,46.08,43.33,45.19,43.12,8.38,2.3,-0.6744,0.7383
2023-11-19,51.92,89.0,12.96,82.71,0.0,5.84,9.3,1019.95,0,True,11,2023,24,30.79,45.17,31.38,40.68,41.33,6.7,0.0,-0.6616,0.7498
2023-11-20,62.52,85.0,12.77,85.33,0.0,4.66,8.1,1016.45,1,False,11,2023,21,51.92,30.79,50.5,42.63,44.27,5.84,0.0,-0.6486,0.7611
2023-11-21,41.0,89.0,13.95,76.38,0.5,6.58,15.5,1011.02,2,False,11,2023,21,62.52,51.92,41.08,48.41,45.98,4.66,0.0,-0.6354,0.7722
2023-11-22,38.46,80.0,12.75,51.08,0.0,10.46,27.7,1013.32,3,False,11,2023,24,41.0,62.52,44.33,51.81,45.97,6.58,0.5,-0.622,0.783
2023-11-23,33.04,71.0,9.84,53.83,0.0,7.79,11.4,1018.27,4,False,11,2023,24,38.46,41.0,46.08,47.33,45.13,10.46,0.0,-0.6085,0.7936
2023-11-24,35.29,74.0,12.48,47.58,0.0,13.27,20.4,1010.95,5,False,11,2023,24,33.04,38.46,45.17,37.5,43.27,7.79,0.0,-0.5947,0.8039
2023-11-25,34.58,62.0,11.94,70.79,0.0,7.9,14.8,1010.81,6,True,11,2023,24,35.29,33.04,30.79,35.6,41.86,13.27,0.0,-0.5808,0.814
2023-11-26,30.96,78.0,12.1,76.08,0.0,5.79,13.4,1014.57,0,True,11,2023,24,34.58,35.29,51.92,34.3,42.4,7.9,0.0,-0.5667,0.8239
2023-11-27,33.0,66.0,10.83,71.46,0.0,9.07,13.7,1009.59,1,False,11,2023,24,30.96,34.58,62.52,33.61,39.41,5.79,0.0,-0.5524,0.8336
2023-11-28,38.58,76.0,12.35,75.25,0.0,8.98,18.1,1004.38,2,False,11,2023,24,33.0,30.96,41.0,32.85,35.19,9.07,0.0,-0.538,0.8429
2023-11-29,49.17,81.0,13.0,85.04,1.0,5.59,10.3,1005.06,3,False,11,2023,24,38.58,33.0,38.46,34.18,34.84,8.98,0.0,-0.5234,0.8521
2023-11-30,50.83,88.0,14.78,76.33,0.6,12.08,25.5,998.65,4,False,11,2023,24,49.17,38.58,33.04,40.25,36.37,5.59,1.0,-0.5087,0.861
2023-12-01,32.67,78.0,15.12,74.5,4.1,11.94,24.6,994.55,5,False,12,2023,24,50.83,49.17,35.29,46.19,38.92,12.08,0.6,-0.4938,0.8696
2023-12-02,26.38,54.0,10.52,67.88,0.1,7.98,20.5,1006.9,6,True,12,2023,24,32.67,50.83,34.58,44.22,38.54,11.94,4.1,-0.4787,0.878
2023-12-03,22.0,40.0,9.05,75.54,0.2,7.09,14.5,1018.1,0,True,12,2023,24,26.38,32.67,30.96,36.63,37.37,7.98,0.1,-0.4636,0.8861
2023-12-04,31.08,72.0,10.28,69.04,0.5,9.64,23.0,1012.33,1,False,12,2023,24,22.0,26.38,33.0,27.02,36.09,7.09,0.2,-0.4482,0.8939
2023-12-05,35.95,57.0,9.64,79.1,0.1,7.88,14.0,1012.99,2,False,12,2023,20,31.08,22.0,38.58,26.49,35.82,9.64,0.5,-0.4328,0.9015
2023-12-06,32.88,66.0,9.3,73.75,0.0,7.01,14.8,1014.25,3,False,12,2023,24,35.95,31.08,49.17,29.68,35.44,7.88,0.1,-0.4172,0.9088
2023-12-07,33.0,55.0,8.92,77.25,0.0,9.48,17.1,1015.29,4,False,12,2023,24,32.88,35.95,50.83,33.3,33.11,7.01,0.0,-0.4015,0.9159
2023-12-08,30.08,56.0,12.01,79.17,1.8,6.08,9.9,1010.29,5,False,12,2023,24,33.0,32.88,32.67,33.94,30.57,9.48,0.0,-0.3857,0.9226
2023-12-09,31.5,76.0,10.58,67.13,0.0,9.83,17.4,1016.39,6,True,12,2023,24,30.08,33.0,26.38,31.99,30.2,6.08,1.8,-0.3697,0.9291
2023-12-10,42.88,71.0,12.37,76.96,0.0,7.9,14.9,1018.15,0,True,12,2023,24,31.5,30.08,22.0,31.53,30.93,9.83,0.0,-0.3537,0.9354
2023-12-11,36.95,66.0,13.36,80.0,0.0,11.25,23.0,1015.65,1,False,12,2023,21,42.88,31.5,31.08,34.82,33.91,7.9,0.0,-0.3375,0.9413
2023-12-12,45.71,80.0,14.82,68.46,0.0,11.16,18.8,1011.27,2,False,12,2023,24,36.95,42.88,35.95,37.11,34.75,11.25,0.0,-0.3213,0.947
2023-12-13,34.96,69.0,14.22,59.88,0.1,16.1,30.2,1006.41,3,False,12,2023,24,45.71,36.95,32.88,41.85,36.14,11.16,0.0,-0.3049,0.9524
2023-12-14,31.92,72.0,11.75,50.38,0.0,15.23,26.0,1014.95,4,False,12,2023,24,34.96,45.71,33.0,39.21,36.44,16.1,0.1,-0.2885,0.9575
2023-12-15,54.17,81.0,10.6,54.96,0.0,7.56,14.1,1027.5,5,False,12,2023,24,31.92,34.96,30.08,37.53,36.29,15.23,0.0,-0.272,0.9623
2023-12-16,45.58,82.0,8.95,71.63,0.0,6.57,13.8,1033.18,6,True,12,2023,24,54.17,31.92,31.5,40.35,39.73,7.56,0.0,-0.2554,0.9668
2023-12-17,52.92,84.0,8.1,72.79,0.0,5.68,8.7,1034.62,0,True,12,2023,24,45.58,54.17,42.88,43.89,41.74,6.57,0.0,-0.2387,0.9711
2023-12-18,83.0,128.0,7.82,63.04,0.0,6.37,8.4,1032.33,1,False,12,2023,24,52.92,45.58,36.95,50.89,43.17,5.68,0.0,-0.2219,0.9751
2023-12-19,69.42,140.0,8.83,49.71,0.0,7.45,11.6,1025.34,2,False,12,2023,24,83.0,52.92,45.71,60.5,49.75,6.37,0.0,-0.2051,0.9787
2023-12-20,47.75,87.0,8.12,60.0,0.0,8.56,12.4,1018.33,3,False,12,2023,24,69.42,83.0,34.96,68.45,53.14,7.45,0.0,-0.1882,0.9821
2023-12-21,41.21,79.0,9.62,52.71,0.0,8.23,16.5,1018.3,4,False,12,2023,24,47.75,69.42,31.92,66.72,54.97,8.56,0.0,-0.1713,0.9852
2023-12-22,42.08,83.0,12.05,65.67,0.0,8.15,13.0,1017.22,5,False,12,2023,24,41.21,47.75,54.17,52.79,56.29,8.23,0.0,-0.1543,0.988
2023-12-23,30.71,80.0,9.92,65.96,0.0,8.05,14.8,1020.63,6,True,12,2023,24,42.08,41.21,45.58,43.68,54.57,8.15,0.0,-0.1373,0.9905
2023-12-24,25.13,69.0,8.6,71.71,0.0,8.05,12.4,1020.52,0,True,12,2023,24,30.71,42.08,52.92,38.0,52.44,8.05,0.0,-0.1202,0.9927
2023-12-25,46.38,78.0,8.52,64.88,0.0,6.2,8.7,1018.55,1,False,12,2023,24,25.13,30.71,83.0,32.64,48.47,8.05,0.0,-0.1031,0.9947
2023-12-26,65.04,95.0,8.96,50.79,0.0,6.46,11.1,1018.51,2,False,12,2023,24,46.38,25.13,69.42,34.07,43.24,6.2,0.0,-0.086,0.9963
2023-12-27,63.5,87.0,9.14,50.25,0.0,7.06,11.7,1020.05,3,False,12,2023,20,65.04,46.38,47.75,45.52,42.61,6.46,0.0,-0.0688,0.9976
2023-12-28,61.21,95.0,6.91,60.71,0.0,6.72,12.0,1021.79,4,False,12,2023,24,63.5,65.04,41.21,58.31,44.86,7.06,0.0,-0.0516,0.9987
2023-12-29,59.79,75.0,8.17,56.79,0.0,5.8,7.4,1019.73,5,False,12,2023,24,61.21,63.5,42.08,63.25,47.72,6.72,0.0,-0.0344,0.9994
2023-12-30,55.83,85.0,8.64,75.38,0.0,6.19,14.4,1016.9,6,True,12,2023,24,59.79,61.21,30.71,61.5,50.25,5.8,0.0,-0.0172,0.9999
2023-12-31,40.96,73.0,9.73,69.71,0.0,9.5,19.6,1012.28,0,True,12,2023,24,55.83,59.79,25.13,58.94,53.84,6.19,0.0,0.0,1.0
2024-01-01,49.17,77.0,8.92,79.54,0.0,5.96,11.3,1015.88,1,False,1,2024,24,40.96,55.83,46.38,52.19,56.1,9.5,0.0,0.0172,0.9999
2024-01-02,52.88,81.0,9.44,58.54,0.0,10.64,19.0,1015.06,2,False,1,2024,24,49.17,40.96,65.04,48.65,56.5,5.96,0.0,0.0344,0.9994
2024-01-03,50.33,88.0,14.83,63.79,0.0,11.28,17.3,1011.48,3,False,1,2024,24,52.88,49.17,63.5,47.67,54.76,10.64,0.0,0.0516,0.9987
2024-01-04,59.92,90.0,11.72,83.92,0.2,6.57,11.2,1012.24,4,False,1,2024,24,50.33,52.88,61.21,50.79,52.88,11.28,0.0,0.0688,0.9976
2024-01-05,44.21,65.0,11.01,81.25,19.3,5.75,15.7,1001.48,5,False,1,2024,24,59.92,50.33,59.79,54.38,52.7,6.57,0.2,0.086,0.9963
2024-01-06,17.08,34.0,10.11,58.83,1.7,16.58,27.8,1004.34,6,True,1,2024,24,44.21,59.92,55.83,51.49,50.47,5.75,19.3,0.1031,0.9947
2024-01-07,16.5,30.0,8.49,45.21,0.0,18.34,26.0,1008.8,0,True,1,2024,24,17.08,44.21,40.96,40.4,44.94,16.58,1.7,0.1202,0.9927
2024-01-08,43.65,91.0,6.33,54.7,0.0,10.12,24.2,1012.12,1,False,1,2024,20,16.5,17.08,49.17,25.93,41.44,18.34,0.0,0.1373,0.9905
2024-01-09,45.17,78.0,4.65,72.46,0.0,7.09,10.8,1017.65,2,False,1,2024,24,43.65,16.5,52.88,25.74,40.65,10.12,0.0,0.1543,0.988
2024-01-10,50.33,74.0,7.87,87.33,6.7,5.09,7.9,1016.2,3,False,1,2024,24,45.17,43.65,50.33,35.11,39.55,7.09,0.0,0.1713,0.9852
2024-01-11,34.38,47.0,6.67,84.33,0.0,5.52,8.0,1016.75,4,False,1,2024,24,50.33,45.17,59.92,46.38,39.55,5.09,6.7,0.1882,0.9821
2024-01-12,23.67,35.0,7.47,73.88,0.0,10.05,13.6,1021.82,5,False,1,2024,24,34.38,50.33,44.21,43.29,35.9,5.52,0.0,0.2051,0.9787
2024-01-13,36.38,71.0,6.67,78.42,0.0,7.47,13.0,1020.98,6,True,1,2024,24,23.67,34.38,17.08,36.13,32.97,10.05,0.0,0.2219,0.9751
2024-01-14,24.38,60.0,9.78,70.42,0.0,7.4,13.3,1012.27,0,True,1,2024,24,36.38,23.67,16.5,31.48,35.73,7.47,0.0,0.2387,0.9711
2024-01-15,32.29,63.0,11.01,79.83,0.0,9.01,14.7,1006.75,1,False,1,2024,24,24.38,36.38,43.65,28.14,36.85,7.4,0.0,0.2554,0.9668
2024-01-16,53.53,75.0,11.47,86.95,0.0,5.85,11.2,1006.79,2,False,1,2024,19,32.29,24.38,45.17,31.02,35.23,9.01,0.0,0.272,0.9623
2024-01-17,40.58,71.0,13.06,81.75,1.5,13.15,28.5,999.21,3,False,1,2024,24,53.53,32.29,50.33,36.73,36.42,5.85,0.0,0.2885,0.9575
2024-01-18,34.54,64.0,15.64,59.54,0.0,17.56,28.8,1001.68,4,False,1,2024,24,40.58,53.53,34.38,42.13,35.03,13.15,1.5,0.3049,0.9524
2024-01-19,33.25,53.0,10.17,80.79,10.1,9.4,16.1,1008.43,5,False,1,2024,24,34.54,40.58,23.67,42.88,35.05,17.56,0.0,0.3213,0.947
2024-01-20,32.96,63.0,8.16,73.75,0.1,6.86,14.7,1020.6,6,True,1,2024,24,33.25,34.54,36.38,36.12,36.42,9.4,10.1,0.3375,0.9413
2024-01-21,32.0,61.0,7.0,79.96,0.0,5.35,9.7,1029.96,0,True,1,2024,24,32.96,33.25,24.38,33.58,35.93,6.86,0.1,0.3537,0.9354
2024-01-22,36.29,71.0,7.27,78.17,0.0,8.35,13.0,1029.37,1,False,1,2024,24,32.0,32.96,32.29,32.74,37.02,5.35,0.0,0.3697,0.9291
2024-01-23,52.67,89.0,8.93,83.58,0.0,6.36,8.7,1031.8,2,False,1,2024,24,36.29,32.0,53.53,33.75,37.59,8.35,0.0,0.3857,0.9226
2024-01-24,62.25,98.0,10.36,82.92,0.0,6.04,8.6,1032.59,3,False,1,2024,24,52.67,36.29,40.58,40.32,37.47,6.36,0.0,0.4015,0.9159
2024-01-25,69.71,103.0,11.3,83.17,0.0,6.18,9.8,1028.73,4,False,1,2024,24,62.25,52.67,34.54,50.4,40.57,6.04,0.0,0.4172,0.9088
2024-01-26,77.0,134.0,12.35,74.13,0.0,6.31,10.7,1027.89,5,False,1,2024,24,69.71,62.25,33.25,61.54,45.59,6.18,0.0,0.4328,0.9015
2024-01-27,68.92,87.0,11.16,81.0,0.0,6.33,9.4,1027.91,6,True,1,2024,24,77.0,69.71,32.96,69.65,51.84,6.31,0.0,0.4482,0.8939
2024-01-28,33.08,71.0,10.12,91.79,0.0,5.05,8.0,1028.15,0,True,1,2024,24,68.92,77.0,32.0,71.88,56.98,6.33,0.0,0.4636,0.8861
2024-01-29,38.0,69.0,11.31,88.21,0.2,5.97,9.6,1029.28,1,False,1,2024,24,33.08,68.92,36.29,59.67,57.13,5.05,0.0,0.4787,0.878
2024-01-30,42.13,86.0,11.36,87.38,0.1,5.32,10.8,1030.59,2,False,1,2024,24,38.0,33.08,52.67,46.67,57.38,5.97,0.2,0.4938,0.8696
2024-01-31,36.25,76.0,9.49,87.45,0.0,7.36,17.3,1031.36,3,False,1,2024,20,42.13,38.0,62.25,37.74,55.87,5.32,0.1,0.5087,0.861
2024-02-01,53.08,79.0,9.98,78.67,0.0,7.39,10.9,1029.55,4,False,2,2024,24,36.25,42.13,69.71,38.79,52.16,7.36,0.0,0.5234,0.8521
2024-02-02,52.58,78.0,10.48,78.08,0.0,6.82,10.3,1028.69,5,False,2,2024,24,53.08,36.25,77.0,43.82,49.78,7.39,0.0,0.538,0.8429
2024-02-03,44.0,71.0,11.03,76.08,0.0,8.55,14.2,1028.28,6,True,2,2024,24,52.58,53.08,68.92,47.3,46.29,6.82,0.0,0.5524,0.8336
2024-02-04,54.33,76.0,11.49,76.83,0.0,7.0,10.6,1026.67,0,True,2,2024,24,44.0,52.58,33.08,49.89,42.73,8.55,0.0,0.5667,0.8239
2024-02-05,64.88,113.0,11.15,68.21,0.0,7.57,13.7,1024.26,1,False,2,2024,24,54.33,44.0,38.0,50.3,45.77,7.0,0.0,0.5808,0.814
2024-02-06,49.46,69.0,10.82,80.25,0.1,8.03,14.4,1020.9,2,False,2,2024,24,64.88,54.33,42.13,54.4,49.61,7.57,0.0,0.5947,0.8039
2024-02-07,39.42,63.0,11.89,73.25,0.0,9.04,16.3,1016.18,3,False,2,2024,24,49.46,64.88,36.25,56.22,50.65,8.03,0.1,0.6085,0.7936
2024-02-08,31.08,54.0,13.07,67.0,0.0,12.12,24.4,1008.37,4,False,2,2024,24,39.42,49.46,53.08,51.25,51.11,9.04,0.0,0.622,0.783
2024-02-09,32.17,73.0,13.44,76.63,2.8,14.41,30.0,993.65,5,False,2,2024,24,31.08,39.42,52.58,39.99,47.96,12.12,0.0,0.6354,0.7722
2024-02-10,17.63,34.0,12.61,78.46,5.7,11.1,23.2,985.82,6,True,2,2024,24,32.17,31.08,44.0,34.22,45.05,14.41,2.8,0.6486,0.7611
2024-02-11,11.83,28.0,11.12,52.58,0.0,18.23,27.8,1000.65,0,True,2,2024,24,17.63,32.17,54.33,26.96,41.28,11.1,5.7,0.6616,0.7498
2024-02-12,30.75,78.0,11.75,64.25,0.5,11.91,24.9,1004.77,1,False,2,2024,24,11.83,17.63,64.88,20.54,35.21,18.23,0.0,0.6744,0.7383
2024-02-13,40.42,71.0,10.92,84.13,0.1,8.05,18.5,1017.58,2,False,2,2024,24,30.75,11.83,49.46,20.07,30.33,11.91,0.5,0.6871,0.7266
2024-02-14,66.46,132.0,11.45,78.5,0.0,6.68,13.4,1021.21,3,False,2,2024,24,40.42,30.75,39.42,27.67,29.04,8.05,0.1,0.6995,0.7147
2024-02-15,45.45,63.0,12.66,88.1,0.0,6.15,10.7,1016.93,4,False,2,2024,20,66.46,40.42,31.08,45.88,32.91,6.68,0.0,0.7117,0.7025
2024-02-16,38.46,65.0,13.13,83.17,0.8,6.53,11.5,1016.25,5,False,2,2024,24,45.45,66.46,32.17,50.78,34.96,6.15,0.0,0.7236,0.6902
2024-02-17,33.63,82.0,13.95,75.96,1.1,8.88,14.3,1024.04,6,True,2,2024,24,38.46,45.45,17.63,50.12,35.86,6.53,0.8,0.7354,0.6776
2024-02-18,28.13,63.0,11.86,77.71,0.0,6.99,16.9,1029.2,0,True,2,2024,24,33.63,38.46,11.83,39.18,38.14,8.88,1.1,0.747,0.6649
2024-02-19,62.46,87.0,13.0,76.08,0.0,6.05,14.8,1027.26,1,False,2,2024,24,28.13,33.63,30.75,33.41,40.47,6.99,0.0,0.7583,0.6519
2024-02-20,48.63,79.0,11.93,77.88,0.0,7.94,19.8,1024.94,2,False,2,2024,24,62.46,28.13,40.42,41.41,45.0,6.05,0.0,0.7694,0.6387
2024-02-21,35.38,77.0,11.2,82.08,0.0,9.88,22.1,1022.33,3,False,2,2024,24,48.63,62.46,66.46,46.41,46.17,7.94,0.0,0.7803,0.6254
2024-02-22,40.58,80.0,13.6,79.42,0.0,10.98,22.7,1008.72,4,False,2,2024,24,35.38,48.63,45.45,48.82,41.73,9.88,0.0,0.7909,0.6119
2024-02-23,26.04,53.0,11.81,64.25,6.5,15.83,28.0,1002.14,5,False,2,2024,24,40.58,35.38,38.46,41.53,41.04,10.98,0.0,0.8014,0.5982
2024-02-24,21.08,49.0,9.22,62.08,0.4,9.19,26.1,1004.96,6,True,2,2024,24,26.04,40.58,33.63,34.0,39.26,15.83,6.5,0.8115,0.5843
2024-02-25,26.54,59.0,10.08,70.54,0.0,11.0,25.3,1005.87,0,True,2,2024,24,21.08,26.04,28.13,29.23,37.47,9.19,0.4,0.8215,0.5702
2024-02-26,37.13,74.0,12.68,74.5,0.0,10.33,20.4,996.58,1,False,2,2024,24,26.54,21.08,62.46,24.55,37.24,11.0,0.0,0.8312,0.556
2024-02-27,31.25,77.0,10.84,72.13,1.5,8.75,17.9,1003.26,2,False,2,2024,24,37.13,26.54,48.63,28.25,33.63,10.33,0.0,0.8406,0.5416
2024-02-28,38.83,85.0,11.89,55.42,0.0,11.3,22.7,1011.1,3,False,2,2024,24,31.25,37.13,35.38,31.64,31.14,8.75,1.5,0.8498,0.5271
2024-02-29,42.42,84.0,10.66,64.79,0.0,8.91,18.4,1009.81,4,False,2,2024,19,38.83,31.25,40.58,35.74,31.64,11.3,0.0,0.8588,0.5124
2024-03-01,26.54,58.0,12.81,59.67,3.7,11.56,20.2,1007.12,5,False,3,2024,24,42.42,38.83,26.04,37.5,31.9,8.91,0.0,0.8675,0.4975
2024-03-02,25.04,47.0,12.09,63.63,0.1,14.15,26.9,1002.32,6,True,3,2024,24,26.54,42.42,21.08,35.93,31.97,11.56,3.7,0.8759,0.4825
2024-03-03,13.71,23.0,10.8,64.21,16.9,20.85,34.6,997.15,0,True,3,2024,24,25.04,26.54,26.54,31.33,32.54,14.15,0.1,0.8841,0.4674
2024-03-04,32.38,84.0,10.91,47.75,0.0,12.81,23.1,1008.91,1,False,3,2024,24,13.71,25.04,37.13,21.76,30.7,20.85,16.9,0.892,0.4521
2024-03-05,47.79,83.0,11.05,74.0,0.2,6.13,18.5,1016.13,2,False,3,2024,24,32.38,13.71,31.25,23.71,30.02,12.81,0.0,0.8996,0.4367
2024-03-06,38.63,76.0,10.43,82.25,0.1,7.89,16.6,1018.92,3,False,3,2024,24,47.79,32.38,38.83,31.29,32.39,6.13,0.2,0.907,0.4211
2024-03-07,42.29,86.0,10.15,84.54,0.1,7.35,14.9,1013.06,4,False,3,2024,24,38.63,47.79,42.42,39.6,32.36,7.89,0.1,0.9141,0.4054
2024-03-08,27.25,63.0,12.61,76.83,5.3,12.95,25.5,1002.64,5,False,3,2024,24,42.29,38.63,26.54,42.9,32.34,7.35,0.1,0.921,0.3896
2024-03-09,25.33,49.0,11.68,83.46,21.4,15.9,36.8,995.52,6,True,3,2024,24,27.25,42.29,25.04,36.06,32.44,12.95,5.3,0.9275,0.3737
2024-03-10,20.21,39.0,10.7,69.63,0.2,13.83,23.8,994.78,0,True,3,2024,24,25.33,27.25,13.71,31.62,32.48,15.9,21.4,0.9338,0.3577
2024-03-11,24.42,53.0,11.67,67.21,0.1,12.01,20.9,1006.36,1,False,3,2024,24,20.21,25.33,32.38,24.26,33.41,13.83,0.2,0.9399,0.3416
2024-03-12,32.67,74.0,9.95,78.08,0.0,6.55,12.4,1017.78,2,False,3,2024,24,24.42,20.21,47.79,23.32,32.27,12.01,0.1,0.9456,0.3253
2024-03-13,52.29,83.0,11.03,79.5,0.0,8.83,21.8,1016.11,3,False,3,2024,24,32.67,24.42,38.63,25.77,30.11,6.55,0.0,0.9511,0.309
2024-03-14,42.79,84.0,11.04,82.08,0.0,9.77,23.0,1014.6,4,False,3,2024,24,52.29,32.67,42.29,36.46,32.07,8.83,0.0,0.9562,0.2926
2024-03-15,39.46,81.0,12.31,92.33,0.2,5.53,11.9,1016.48,5,False,3,2024,24,42.79,52.29,27.25,42.58,32.14,9.77,0.0,0.9611,0.2761
2024-03-16,57.5,96.0,14.06,82.21,0.0,6.75,17.3,1020.93,6,True,3,2024,24,39.46,42.79,25.33,44.85,33.88,5.53,0.2,0.9657,0.2595
2024-03-17,44.54,88.0,13.72,87.04,0.0,7.33,16.3,1018.61,0,True,3,2024,24,57.5,39.46,20.21,46.58,38.48,6.75,0.0,0.9701,0.2428
2024-03-18,47.1,75.0,13.83,86.9,0.0,5.49,11.0,1015.27,1,False,3,2024,20,44.54,57.5,24.42,47.17,41.95,7.33,0.0,0.9741,0.2261
2024-03-19,60.25,87.0,14.57,78.38,0.0,5.89,14.8,1014.17,2,False,3,2024,24,47.1,44.54,32.67,49.71,45.19,5.49,0.0,0.9778,0.2093
2024-03-20,42.21,74.0,14.21,81.54,0.0,9.25,16.9,1015.91,3,False,3,2024,24,60.25,47.1,52.29,50.63,49.13,5.89,0.0,0.9813,0.1925
2024-03-21,30.42,71.0,14.37,83.88,0.0,7.79,16.3,1021.03,4,False,3,2024,24,42.21,60.25,42.79,49.85,47.69,9.25,0.0,0.9845,0.1755
2024-03-22,67.42,136.0,16.19,74.58,0.0,7.23,17.9,1017.52,5,False,3,2024,24,30.42,42.21,39.46,44.29,45.93,7.79,0.0,0.9873,0.1586
2024-03-23,34.04,67.0,14.8,76.21,0.0,10.03,22.6,1015.76,6,True,3,2024,24,67.42,30.42,57.5,46.68,49.92,7.23,0.0,0.9899,0.1415
2024-03-24,20.08,47.0,13.78,78.29,0.0,9.73,15.6,1013.8,0,True,3,2024,24,34.04,67.42,44.54,43.96,46.57,10.03,0.0,0.9922,0.1245
2024-03-25,35.29,65.0,12.92,81.25,4.7,7.84,15.6,1001.43,1,False,3,2024,24,20.08,34.04,47.1,40.51,43.07,9.73,0.0,0.9942,0.1074
2024-03-26,25.67,49.0,14.1,74.92,8.9,11.49,21.2,988.2,2,False,3,2024,24,35.29,20.08,60.25,29.8,41.39,7.84,4.7,0.9959,0.0903
2024-03-27,20.83,40.0,11.43,65.38,0.1,15.18,33.6,992.23,3,False,3,2024,24,25.67,35.29,42.21,27.01,36.45,11.49,8.9,0.9973,0.0731
2024-03-28,18.96,49.0,16.82,63.04,0.0,22.39,33.2,997.09,4,False,3,2024,23,20.83,25.67,30.42,27.26,33.39,15.18,0.1,0.9984,0.0559
2024-03-29,15.92,34.0,15.42,83.21,0.0,10.15,21.9,997.13,5,False,3,2024,24,18.96,20.83,67.42,21.82,31.76,22.39,0.0,0.9993,0.0387
2024-03-30,15.13,33.0,13.84,74.29,2.6,12.69,22.8,994.64,6,True,3,2024,24,15.92,18.96,34.04,18.57,24.4,10.15,0.0,0.9998,0.0215
2024-03-31,13.78,26.0,13.64,80.61,8.4,18.14,34.9,994.51,0,True,3,2024,23,15.13,15.92,20.08,16.67,21.7,12.69,2.6,1.0,0.0043
2024-04-01,15.54,32.0,13.2,63.13,0.1,14.98,27.5,1005.13,1,False,4,2024,24,13.78,15.13,35.29,14.94,20.8,18.14,8.4,0.9999,-0.0129
2024-04-02,26.79,60.0,12.3,67.08,0.0,10.06,18.9,1015.28,2,False,4,2024,24,15.54,13.78,25.67,14.82,17.98,14.98,0.1,0.9995,-0.0301
2024-04-03,45.29,94.0,13.75,69.58,0.0,7.09,13.7,1014.49,3,False,4,2024,24,26.79,15.54,20.83,18.7,18.14,10.06,0.0,0.9989,-0.0473
2024-04-04,49.09,82.0,14.13,82.32,0.0,8.29,18.8,1016.31,4,False,4,2024,22,45.29,26.79,18.96,29.21,21.63,7.09,0.0,0.9979,-0.0645
2024-04-05,51.33,106.0,14.65,80.92,0.0,7.9,17.3,1016.99,5,False,4,2024,24,49.09,45.29,15.92,40.39,25.93,8.29,0.0,0.9967,-0.0817
2024-04-06,32.29,66.0,15.4,71.25,0.0,9.95,21.2,1016.92,6,True,4,2024,24,51.33,49.09,15.13,48.57,30.99,7.9,0.0,0.9951,-0.0988
2024-04-07,29.33,66.0,16.4,75.79,0.0,11.25,21.5,1014.23,0,True,4,2024,24,32.29,51.33,13.78,44.24,33.44,9.95,0.0,0.9933,-0.1159
2024-04-08,41.54,81.0,16.68,74.75,0.3,8.2,13.6,1007.73,1,False,4,2024,24,29.33,32.29,15.54,37.65,35.67,11.25,0.0,0.9911,-0.133
2024-04-09,22.25,41.0,14.11,66.5,2.7,10.07,18.2,1016.61,2,False,4,2024,24,41.54,29.33,26.79,34.39,39.38,8.2,0.3,0.9887,-0.1501
2024-04-10,30.21,52.0,11.8,74.13,0.0,7.69,18.4,1023.49,3,False,4,2024,24,22.25,41.54,45.29,31.04,38.73,10.07,2.7,0.9859,-0.1671
2024-04-11,43.46,80.0,13.73,64.25,0.0,7.5,15.9,1025.71,4,False,4,2024,24,30.21,22.25,49.09,31.33,36.58,7.69,0.0,0.9829,-0.184
2024-04-12,77.04,144.0,16.01,62.0,0.0,8.03,18.3,1027.15,5,False,4,2024,24,43.46,30.21,51.33,31.97,35.77,7.5,0.0,0.9796,-0.2009
2024-04-13,65.88,113.0,17.4,56.71,0.0,7.08,12.7,1024.06,6,True,4,2024,24,77.04,43.46,32.29,50.24,39.45,8.03,0.0,0.976,-0.2177
2024-04-14,49.04,106.0,18.79,47.79,0.0,9.26,20.8,1020.88,0,True,4,2024,24,65.88,77.04,29.33,62.13,44.24,7.08,0.0,0.9721,-0.2345
2024-04-15,57.48,109.0,16.41,63.29,0.0,8.14,15.9,1015.71,1,False,4,2024,21,49.04,65.88,41.54,63.99,47.06,9.26,0.0,0.9679,-0.2512
2024-04-16,29.75,49.0,15.22,79.17,2.9,10.45,21.9,1012.19,2,False,4,2024,24,57.48,49.04,22.25,57.47,49.34,8.14,0.0,0.9635,-0.2678
2024-04-17,25.21,42.0,14.39,72.88,2.8,13.44,26.7,1011.63,3,False,4,2024,24,29.75,57.48,30.21,45.42,50.41,10.45,2.9,0.9587,-0.2844
2024-04-18,25.5,53.0,13.35,81.83,4.7,12.7,26.6,1012.82,4,False,4,2024,24,25.21,29.75,43.46,37.48,49.69,13.44,2.8,0.9537,-0.3008
2024-04-19,26.17,68.0,12.47,69.08,0.0,11.31,26.4,1018.15,5,False,4,2024,24,25.5,25.21,77.04,26.82,47.13,12.7,4.7,0.9484,-0.3172
2024-04-20,29.38,63.0,13.25,77.5,0.0,9.05,16.7,1013.96,6,True,4,2024,24,26.17,25.5,65.88,25.63,39.86,11.31,0.0,0.9428,-0.3335
2024-04-21,21.46,36.0,13.33,71.71,0.0,9.21,19.9,1013.84,0,True,4,2024,24,29.38,26.17,49.04,27.02,34.65,9.05,0.0,0.9369,-0.3496
2024-04-22,30.42,64.0,12.14,68.38,17.4,12.65,18.8,1012.84,1,False,4,2024,24,21.46,29.38,57.48,25.67,30.71,9.21,0.0,0.9307,-0.3657
2024-04-23,34.92,56.0,10.64,70.5,8.0,8.09,18.5,1012.39,2,False,4,2024,24,30.42,21.46,29.75,27.09,26.84,12.65,17.4,0.9243,-0.3817
2024-04-24,31.88,45.0,10.4,70.04,0.0,9.84,20.9,1012.17,3,False,4,2024,24,34.92,30.42,25.21,28.93,27.58,8.09,8.0,0.9176,-0.3975
2024-04-25,30.5,50.0,12.93,75.71,0.9,14.68,25.3,1007.62,4,False,4,2024,24,31.88,34.92,25.5,32.41,28.53,9.84,0.0,0.9106,-0.4133
2024-04-26,37.21,66.0,13.33,81.96,0.3,8.41,19.8,1004.47,5,False,4,2024,24,30.5,31.88,26.17,32.43,29.25,14.68,0.9,0.9034,-0.4289
2024-04-27,29.5,70.0,15.41,87.21,3.8,14.22,26.3,1002.54,6,True,4,2024,24,37.21,30.5,29.38,33.2,30.82,8.41,0.3,0.8958,-0.4444
2024-04-28,30.58,53.0,14.74,88.04,7.7,7.61,15.4,1008.78,0,True,4,2024,24,29.5,37.21,21.46,32.4,30.84,14.22,3.8,0.8881,-0.4597
2024-04-29,40.38,76.0,14.0,91.29,86.9,11.82,25.9,1011.56,1,False,4,2024,24,30.58,29.5,30.42,32.43,32.14,7.61,7.7,0.88,-0.475
2024-04-30,37.38,78.0,14.97,85.71,4.4,11.48,21.9,1009.2,2,False,4,2024,24,40.38,30.58,34.92,33.49,33.57,11.82,86.9,0.8717,-0.49
2024-05-01,28.71,63.0,15.38,76.63,2.3,8.77,18.3,1002.85,3,False,5,2024,24,37.38,40.38,31.88,36.11,33.92,11.48,4.4,0.8631,-0.505
2024-05-02,21.04,34.0,14.09,61.0,0.3,10.71,19.3,1007.93,4,False,5,2024,24,28.71,37.38,30.5,35.49,33.47,8.77,2.3,0.8543,-0.5197
2024-05-03,37.45,76.0,14.22,67.55,0.0,11.33,22.8,1014.33,5,False,5,2024,22,21.04,28.71,37.21,29.04,32.11,10.71,0.3,0.8452,-0.5344
2024-05-04,34.25,70.0,15.68,69.96,0.0,10.27,21.9,1012.75,6,True,5,2024,24,37.45,21.04,29.5,29.07,32.15,11.33,0.0,0.8359,-0.5488
2024-05-05,41.08,84.0,15.87,80.71,0.0,6.75,12.0,1010.57,0,True,5,2024,24,34.25,37.45,30.58,30.91,32.83,10.27,0.0,0.8264,-0.5632
2024-05-06,27.0,52.0,15.94,86.46,0.1,8.77,19.5,1008.44,1,False,5,2024,24,41.08,34.25,40.38,37.59,34.33,6.75,0.0,0.8165,-0.5773
2024-05-07,28.17,57.0,15.87,76.13,1.0,8.61,15.3,1014.21,2,False,5,2024,24,27.0,41.08,37.38,34.11,32.42,8.77,0.1,0.8065,-0.5913
2024-05-08,33.42,72.0,16.34,71.96,0.0,9.2,20.6,1016.73,3,False,5,2024,24,28.17,27.0,28.71,32.08,31.1,8.61,1.0,0.7962,-0.6051
2024-05-09,38.21,85.0,16.51,75.17,0.0,8.13,17.1,1016.8,4,False,5,2024,24,33.42,28.17,21.04,29.53,31.77,9.2,0.0,0.7856,-0.6187
2024-05-10,49.67,73.0,17.93,67.38,0.0,8.79,17.2,1015.84,5,False,5,2024,24,38.21,33.42,37.45,33.27,34.23,8.13,0.0,0.7749,-0.6321
2024-05-11,37.13,59.0,17.53,65.96,0.0,8.69,17.5,1015.33,6,True,5,2024,24,49.67,38.21,34.25,40.43,35.97,8.79,0.0,0.7639,-0.6453
2024-05-12,51.92,120.0,18.09,73.42,0.9,6.53,18.0,1014.13,0,True,5,2024,24,37.13,49.67,41.08,41.67,36.38,8.69,0.0,0.7527,-0.6584
2024-05-13,40.17,70.0,18.14,72.13,0.0,7.3,16.8,1010.38,1,False,5,2024,24,51.92,37.13,27.0,46.24,37.93,6.53,0.9,0.7412,-0.6713
2024-05-14,26.54,55.0,17.23,84.96,10.0,9.66,20.5,1002.91,2,False,5,2024,24,40.17,51.92,28.17,43.07,39.81,7.3,0.0,0.7296,-0.6839
2024-05-15,36.5,71.0,15.55,82.13,9.1,7.2,16.4,1004.07,3,False,5,2024,24,26.54,40.17,33.42,39.54,39.58,9.66,10.0,0.7177,-0.6964
2024-05-16,37.33,67.0,15.06,83.92,2.9,6.66,16.6,1005.17,4,False,5,2024,24,36.5,26.54,38.21,34.4,40.02,7.2,9.1,0.7056,-0.7086
2024-05-17,39.29,77.0,15.87,88.05,0.0,6.29,14.0,1006.56,5,False,5,2024,21,37.33,36.5,49.67,33.46,39.89,6.66,2.9,0.6933,-0.7207
2024-05-18,23.46,36.0,16.05,89.79,2.1,8.82,17.3,1008.52,6,True,5,2024,24,39.29,37.33,37.13,37.71,38.41,6.29,0.0,0.6808,-0.7325
2024-05-19,21.79,39.0,16.5,88.63,0.0,8.28,16.4,1008.13,0,True,5,2024,24,23.46,39.29,51.92,33.36,36.46,8.82,2.1,0.6681,-0.7441
2024-05-20,22.42,46.0,17.95,76.33,0.1,8.51,20.0,1006.48,1,False,5,2024,24,21.79,23.46,40.17,28.18,32.15,8.28,0.0,0.6552,-0.7555
2024-05-21,27.58,57.0,16.59,83.5,1.1,7.14,16.3,1009.96,2,False,5,2024,24,22.42,21.79,26.54,22.56,29.62,8.51,0.1,0.6421,-0.7667
2024-05-22,25.96,48.0,16.89,83.08,6.6,9.65,20.6,1013.42,3,False,5,2024,24,27.58,22.42,36.5,23.93,29.77,7.14,1.1,0.6288,-0.7776
2024-05-23,25.79,53.0,16.88,78.92,0.0,8.8,17.6,1015.23,4,False,5,2024,24,25.96,27.58,37.33,25.32,28.26,9.65,6.6,0.6153,-0.7883
2024-05-24,25.08,51.0,17.06,72.54,1.0,8.86,19.2,1015.6,5,False,5,2024,24,25.79,25.96,39.29,26.44,26.61,8.8,0.0,0.6016,-0.7988
2024-05-25,29.33,68.0,17.35,77.21,0.0,8.13,19.1,1014.9,6,True,5,2024,24,25.08,25.79,23.46,25.61,24.58,8.86,1.0,0.5878,-0.809
2024-05-26,25.67,60.0,18.36,81.0,0.0,7.29,15.5,1014.74,0,True,5,2024,24,29.33,25.08,21.79,26.73,25.42,8.13,0.0,0.5738,-0.819
2024-05-27,21.21,56.0,19.32,81.33,0.0,10.67,20.6,1015.39,1,False,5,2024,24,25.67,29.33,22.42,26.69,25.98,7.29,0.0,0.5596,-0.8288
2024-05-28,27.67,62.0,19.47,77.0,0.0,10.2,21.3,1016.8,2,False,5,2024,24,21.21,25.67,27.58,25.4,25.8,10.67,0.0,0.5452,-0.8383
2024-05-29,26.96,36.0,19.69,80.38,0.0,7.45,19.1,1014.27,3,False,5,2024,24,27.67,21.21,25.96,24.85,25.82,10.2,0.0,0.5307,-0.8475
2024-05-30,24.79,59.0,20.33,81.04,0.0,9.64,20.3,1009.3,4,False,5,2024,24,26.96,27.67,25.79,25.28,25.96,7.45,0.0,0.5161,-0.8566
2024-06-04,18.68,29.0,20.31,71.16,0.5,10.44,21.7,1012.53,2,False,6,2024,19,24.79,26.96,25.08,26.47,25.82,9.64,0.0,0.4405,-0.8977
2024-06-05,20.04,33.0,21.08,76.04,0.0,10.57,25.3,1013.67,3,False,6,2024,24,18.68,24.79,29.33,23.48,24.9,10.44,0.5,0.425,-0.9052
2024-06-06,34.25,61.0,23.03,62.29,0.0,10.02,22.5,1014.5,4,False,6,2024,24,20.04,18.68,25.67,21.17,23.57,10.57,0.0,0.4094,-0.9124
2024-06-07,42.14,84.0,22.67,56.43,0.0,9.44,16.1,1014.39,5,False,6,2024,21,34.25,20.04,21.21,24.32,24.8,10.02,0.0,0.3936,-0.9193
2024-06-08,21.63,46.0,23.5,54.33,0.0,20.37,32.4,1006.99,6,True,6,2024,24,42.14,34.25,27.67,32.14,27.79,9.44,0.0,0.3777,-0.9259
2024-06-09,23.33,75.0,21.28,74.0,7.1,10.04,20.8,1002.86,0,True,6,2024,24,21.63,42.14,26.96,32.67,26.93,20.37,0.0,0.3617,-0.9323
2024-06-10,26.25,52.0,20.12,76.71,3.3,10.66,18.2,1008.5,1,False,6,2024,24,23.33,21.63,24.79,29.03,26.41,10.04,7.1,0.3456,-0.9384
2024-06-11,27.88,50.0,18.46,84.13,21.4,7.68,15.5,1011.57,2,False,6,2024,24,26.25,23.33,18.68,23.74,26.62,10.66,3.3,0.3294,-0.9442
2024-06-12,26.42,51.0,18.27,80.92,11.5,8.43,20.6,1014.32,3,False,6,2024,24,27.88,26.25,20.04,25.82,27.93,7.68,21.4,0.3131,-0.9497
2024-06-13,18.79,39.0,18.17,77.5,0.4,12.09,26.1,1016.75,4,False,6,2024,24,26.42,27.88,34.25,26.85,28.84,8.43,11.5,0.2967,-0.955
2024-06-14,24.71,41.0,20.66,81.71,0.2,10.62,22.0,1012.29,5,False,6,2024,24,18.79,26.42,42.14,24.36,26.63,12.09,0.4,0.2802,-0.9599
2024-06-15,20.21,49.0,20.04,77.88,0.0,10.64,21.1,1009.92,6,True,6,2024,24,24.71,18.79,21.63,23.31,24.14,10.62,0.2,0.2637,-0.9646
2024-06-16,24.92,51.0,19.35,77.46,0.0,7.75,16.0,1011.51,0,True,6,2024,24,20.21,24.71,23.33,21.24,23.94,10.64,0.0,0.247,-0.969
2024-06-17,27.46,51.0,20.99,80.33,0.0,8.58,21.0,1010.65,1,False,6,2024,24,24.92,20.21,26.25,23.28,24.17,7.75,0.0,0.2303,-0.9731
2024-06-18,20.85,51.0,22.05,79.05,0.0,10.49,21.0,1009.69,2,False,6,2024,20,27.46,24.92,27.88,24.2,24.34,8.58,0.0,0.2135,-0.9769
2024-06-19,26.17,57.0,21.98,81.33,0.5,9.25,17.1,1009.33,3,False,6,2024,24,20.85,27.46,26.42,24.41,23.34,10.49,0.0,0.1967,-0.9805
2024-06-20,28.46,69.0,21.52,83.88,12.2,12.09,23.5,1012.27,4,False,6,2024,24,26.17,20.85,18.79,24.83,23.3,9.25,0.5,0.1798,-0.9837
2024-06-21,24.58,45.0,20.92,77.96,0.0,8.94,19.8,1014.97,5,False,6,2024,24,28.46,26.17,24.71,25.16,24.68,12.09,12.2,0.1628,-0.9867
2024-06-22,20.17,43.0,20.79,82.83,1.4,10.83,24.0,1015.8,6,True,6,2024,24,24.58,28.46,20.21,26.4,24.66,8.94,0.0,0.1458,-0.9893
2024-06-23,19.08,58.0,20.85,78.29,2.4,8.92,20.0,1013.14,0,True,6,2024,24,20.17,24.58,24.92,24.4,24.66,10.83,1.4,0.1287,-0.9917
2024-06-24,13.96,24.0,21.79,75.58,1.3,8.87,18.2,1011.3,1,False,6,2024,24,19.08,20.17,27.46,21.28,23.82,8.92,2.4,0.1117,-0.9937
2024-06-25,20.58,43.0,22.31,76.04,0.0,11.47,23.0,1009.07,2,False,6,2024,24,13.96,19.08,20.85,17.74,21.9,8.87,1.3,0.0945,-0.9955
2024-06-26,22.75,40.0,22.64,77.75,0.0,9.79,20.8,1009.17,3,False,6,2024,24,20.58,13.96,26.17,17.87,21.86,11.47,0.0,0.0774,-0.997
2024-06-27,33.17,83.0,23.48,69.17,0.0,7.16,13.3,1010.19,4,False,6,2024,24,22.75,20.58,28.46,19.1,21.37,9.79,0.0,0.0602,-0.9982
2024-06-28,42.5,82.0,24.84,56.5,0.0,11.15,21.3,1011.58,5,False,6,2024,24,33.17,22.75,24.58,25.5,22.04,7.16,0.0,0.043,-0.9991
2024-06-29,17.04,30.0,23.54,71.88,3.9,13.78,22.3,1008.24,6,True,6,2024,24,42.5,33.17,20.17,32.81,24.6,11.15,0.0,0.0258,-0.9997
2024-06-30,12.63,34.0,22.39,74.17,0.0,10.2,15.0,1011.69,0,True,6,2024,24,17.04,42.5,19.08,30.9,24.15,13.78,3.9,0.0086,-1.0
2024-07-01,30.58,61.0,21.28,85.38,11.8,5.72,14.2,1013.3,1,False,7,2024,24,12.63,17.04,13.96,24.06,23.23,10.2,0.0,-0.0086,-1.0
2024-07-02,29.75,46.0,20.91,83.5,0.1,9.41,19.2,1013.72,2,False,7,2024,24,30.58,12.63,20.58,20.08,25.61,5.72,11.8,-0.0258,-0.9997
2024-07-03,24.54,45.0,21.25,83.13,2.1,9.91,17.2,1010.9,3,False,7,2024,24,29.75,30.58,22.75,24.32,26.92,9.41,0.1,-0.043,-0.9991
2024-07-04,28.5,45.0,21.81,80.0,0.0,7.91,14.5,1012.01,4,False,7,2024,22,24.54,29.75,33.17,28.29,27.17,9.91,2.1,-0.0602,-0.9982
2024-07-05,28.08,48.0,22.82,79.71,0.0,7.3,15.4,1011.57,5,False,7,2024,24,28.5,24.54,42.5,27.6,26.51,7.91,0.0,-0.0774,-0.997
2024-07-06,21.46,54.0,23.58,76.88,0.0,9.88,24.0,1007.3,6,True,7,2024,24,28.08,28.5,17.04,27.04,24.45,7.3,0.0,-0.0945,-0.9955
2024-07-07,15.0,25.0,23.5,70.5,0.3,11.46,23.8,1010.3,0,True,7,2024,24,21.46,28.08,12.63,26.01,25.08,9.88,0.0,-0.1117,-0.9937
2024-07-08,22.71,42.0,23.7,76.04,0.0,10.25,23.6,1012.52,1,False,7,2024,24,15.0,21.46,30.58,21.51,25.42,11.46,0.3,-0.1287,-0.9917
2024-07-09,27.58,42.0,24.3,74.42,0.0,9.93,21.7,1012.55,2,False,7,2024,24,22.71,15.0,29.75,19.72,24.29,10.25,0.0,-0.1458,-0.9893
2024-07-10,34.17,85.0,25.09,72.92,0.0,8.73,19.8,1013.32,3,False,7,2024,24,27.58,22.71,24.54,21.76,23.98,9.93,0.0,-0.1628,-0.9867
2024-07-11,36.71,69.0,26.41,72.21,0.0,9.21,20.0,1012.95,4,False,7,2024,24,34.17,27.58,28.5,28.15,25.36,8.73,0.0,-0.1798,-0.9837
2024-07-12,27.79,42.0,25.14,75.67,0.2,10.05,20.8,1010.34,5,False,7,2024,24,36.71,34.17,28.08,32.82,26.53,9.21,0.0,-0.1967,-0.9805
2024-07-13,20.17,39.0,23.45,73.42,1.8,8.64,14.0,1010.72,6,True,7,2024,24,27.79,36.71,21.46,32.89,26.49,10.05,0.2,-0.2135,-0.9769
2024-07-14,13.5,22.0,24.6,72.38,0.0,12.24,26.0,1009.46,0,True,7,2024,24,20.17,27.79,15.0,28.22,26.3,8.64,1.8,-0.2303,-0.9731
2024-07-15,20.63,32.0,25.49,77.83,0.1,11.22,24.2,1009.24,1,False,7,2024,24,13.5,20.17,22.71,20.49,26.09,12.24,0.0,-0.247,-0.969
2024-07-16,27.29,58.0,25.57,74.42,0.0,7.9,16.9,1012.6,2,False,7,2024,24,20.63,13.5,27.58,18.1,25.79,11.22,0.1,-0.2637,-0.9646
2024-07-17,39.38,84.0,25.09,63.08,0.0,9.73,20.0,1015.02,3,False,7,2024,24,27.29,20.63,34.17,20.47,25.75,7.9,0.0,-0.2802,-0.9599
2024-07-18,31.75,65.0,25.36,64.55,0.0,9.52,23.5,1014.94,4,False,7,2024,20,39.38,27.29,36.71,29.1,26.5,9.73,0.0,-0.2967,-0.955
2024-07-19,30.96,59.0,26.7,70.04,0.0,9.84,20.6,1013.91,5,False,7,2024,24,31.75,39.38,27.79,32.81,25.79,9.52,0.0,-0.3131,-0.9497
2024-07-20,19.67,30.0,26.59,69.58,0.0,11.31,20.3,1007.65,6,True,7,2024,24,30.96,31.75,20.17,34.03,26.24,9.84,0.0,-0.3294,-0.9442
2024-07-21,22.04,51.0,24.22,78.58,13.3,11.16,23.2,1006.69,0,True,7,2024,24,19.67,30.96,13.5,27.46,26.17,11.31,0.0,-0.3456,-0.9384
2024-07-22,23.17,43.0,24.3,66.75,0.0,9.55,20.7,1014.37,1,False,7,2024,24,22.04,19.67,20.63,24.22,27.39,11.16,13.3,-0.3617,-0.9323
2024-07-23,35.38,76.0,24.58,71.83,0.0,7.95,17.8,1016.15,2,False,7,2024,24,23.17,22.04,27.29,21.63,27.75,9.55,0.0,-0.3777,-0.9259
2024-07-24,39.67,71.0,25.86,72.79,0.0,8.68,20.2,1014.17,3,False,7,2024,24,35.38,23.17,39.38,26.86,28.91,7.95,0.0,-0.3936,-0.9193
2024-07-25,26.79,50.0,25.29,74.96,0.0,9.07,19.8,1010.11,4,False,7,2024,24,39.67,35.38,31.75,32.74,28.95,8.68,0.0,-0.4094,-0.9124
2024-07-26,30.88,74.0,26.41,67.71,0.0,8.5,18.2,1009.1,5,False,7,2024,24,26.79,39.67,30.96,33.95,28.24,9.07,0.0,-0.425,-0.9052
2024-07-27,29.13,60.0,26.1,63.13,0.0,7.88,17.9,1010.82,6,True,7,2024,24,30.88,26.79,19.67,32.45,28.23,8.5,0.0,-0.4405,-0.8977
2024-07-28,15.88,31.0,26.79,65.46,0.0,10.51,18.7,1015.03,0,True,7,2024,24,29.13,30.88,22.04,28.93,29.58,7.88,0.0,-0.4559,-0.89
2024-07-29,50.08,105.0,27.9,52.92,0.0,8.5,16.6,1014.47,1,False,7,2024,24,15.88,29.13,23.17,25.3,28.7,10.51,0.0,-0.4712,-0.882
2024-07-30,48.33,98.0,29.33,43.08,0.0,9.97,21.7,1012.28,2,False,7,2024,24,50.08,15.88,35.38,31.7,32.54,8.5,0.0,-0.4863,-0.8738
2024-07-31,48.5,93.0,29.78,33.5,0.0,9.64,21.1,1010.05,3,False,7,2024,24,48.33,50.08,39.67,38.1,34.39,9.97,0.0,-0.5012,-0.8653
2024-08-01,38.83,76.0,27.85,62.25,0.0,7.56,15.0,1009.41,4,False,8,2024,24,48.5,48.33,26.79,48.97,35.66,9.64,0.0,-0.5161,-0.8566
2024-08-02,27.52,53.0,28.7,60.48,0.0,6.9,17.8,1007.38,5,False,8,2024,21,38.83,48.5,30.88,45.22,37.38,7.56,0.0,-0.5307,-0.8475
2024-08-03,18.5,35.0,26.9,63.63,0.0,8.98,19.1,1009.34,6,True,8,2024,24,27.52,38.83,29.13,38.28,36.9,6.9,0.0,-0.5452,-0.8383
2024-08-04,20.29,63.0,27.09,68.46,0.2,9.97,24.2,1011.16,0,True,8,2024,24,18.5,27.52,15.88,28.28,35.38,8.98,0.0,-0.5596,-0.8288
2024-08-05,18.25,37.0,26.9,72.75,0.0,9.88,20.3,1009.8,1,False,8,2024,24,20.29,18.5,50.08,22.1,36.01,9.97,0.2,-0.5738,-0.819
2024-08-06,25.33,79.0,27.45,71.96,0.0,10.01,19.5,1008.46,2,False,8,2024,24,18.25,20.29,48.33,19.01,31.46,9.88,0.0,-0.5878,-0.809
2024-08-07,30.13,72.0,27.03,73.71,0.0,7.99,18.0,1009.85,3,False,8,2024,24,25.33,18.25,48.5,21.29,28.17,10.01,0.0,-0.6016,-0.7988
2024-08-08,30.96,62.0,27.15,68.92,0.0,7.76,16.6,1012.26,4,False,8,2024,24,30.13,25.33,38.83,24.57,25.55,7.99,0.0,-0.6153,-0.7883
2024-08-09,37.71,79.0,27.47,65.17,0.0,8.62,16.3,1014.55,5,False,8,2024,24,30.96,30.13,27.52,28.81,24.43,7.76,0.0,-0.6288,-0.7776
2024-08-10,25.71,50.0,28.27,55.75,0.0,7.87,15.1,1015.2,6,True,8,2024,24,37.71,30.96,18.5,32.93,25.88,8.62,0.0,-0.6421,-0.7667
2024-08-11,12.29,37.0,26.97,68.58,0.0,9.89,18.3,1013.01,0,True,8,2024,24,25.71,37.71,20.29,31.46,26.91,7.87,0.0,-0.6552,-0.7555
2024-08-12,18.54,54.0,26.72,78.29,0.0,8.43,18.1,1009.89,1,False,8,2024,24,12.29,25.71,18.25,25.24,25.77,9.89,0.0,-0.6681,-0.7441
2024-08-13,23.33,41.0,25.72,81.5,3.3,5.07,13.0,1007.75,2,False,8,2024,24,18.54,12.29,25.33,18.85,25.81,8.43,0.0,-0.6808,-0.7325
2024-08-14,22.83,49.0,24.32,78.21,19.3,7.53,14.6,1008.72,3,False,8,2024,24,23.33,18.54,30.13,18.05,25.52,5.07,3.3,-0.6933,-0.7207
2024-08-15,17.46,40.0,23.6,77.17,1.8,6.2,11.5,1012.58,4,False,8,2024,24,22.83,23.33,30.96,21.57,24.48,7.53,19.3,-0.7056,-0.7086
2024-08-16,24.83,38.0,23.91,77.33,0.1,6.1,12.1,1013.34,5,False,8,2024,24,17.46,22.83,37.71,21.21,22.55,6.2,1.8,-0.7177,-0.6964
2024-08-17,16.58,24.0,25.46,75.33,0.3,8.84,22.3,1011.8,6,True,8,2024,24,24.83,17.46,25.71,21.71,20.71,6.1,0.1,-0.7296,-0.6839
2024-08-18,18.08,58.0,23.67,83.96,5.3,9.7,23.9,1009.95,0,True,8,2024,24,16.58,24.83,12.29,19.62,19.41,8.84,0.3,-0.7412,-0.6713
2024-08-19,20.63,31.0,24.1,79.13,1.0,9.17,20.2,1010.24,1,False,8,2024,24,18.08,16.58,18.54,19.83,20.24,9.7,5.3,-0.7527,-0.6584
2024-08-20,21.15,29.0,24.11,76.9,0.0,7.77,18.7,1010.5,2,False,8,2024,20,20.63,18.08,23.33,18.43,20.53,9.17,1.0,-0.7639,-0.6453
2024-08-21,22.42,36.0,25.13,71.58,0.9,10.4,23.9,1013.48,3,False,8,2024,24,21.15,20.63,22.83,19.95,20.22,7.77,0.0,-0.7749,-0.6321
2024-08-22,17.25,29.0,26.01,77.17,0.0,8.2,22.4,1011.19,4,False,8,2024,24,22.42,21.15,17.46,21.4,20.16,10.4,0.9,-0.7856,-0.6187
2024-08-23,18.17,42.0,26.48,77.04,0.0,8.54,17.8,1011.7,5,False,8,2024,24,17.25,22.42,24.83,20.27,20.13,8.2,0.0,-0.7962,-0.6051
2024-08-24,17.79,39.0,26.24,77.75,0.0,9.23,20.7,1011.71,6,True,8,2024,24,18.17,17.25,16.58,19.28,19.18,8.54,0.0,-0.8065,-0.5913
2024-08-25,14.0,47.0,25.9,69.25,0.3,9.63,19.9,1014.48,0,True,8,2024,24,17.79,18.17,18.08,17.74,19.36,9.23,0.0,-0.8165,-0.5773
2024-08-26,21.0,43.0,25.5,68.96,0.5,10.12,22.0,1014.21,1,False,8,2024,24,14.0,17.79,20.63,16.65,18.77,9.63,0.3,-0.8264,-0.5632
2024-08-27,15.42,30.0,25.73,72.88,1.3,8.67,22.2,1012.31,2,False,8,2024,24,21.0,14.0,21.15,17.6,18.83,10.12,0.5,-0.8359,-0.5488
2024-08-28,27.33,47.0,25.64,75.42,1.4,7.7,15.8,1012.77,3,False,8,2024,24,15.42,21.0,22.42,16.81,18.01,8.67,1.3,-0.8452,-0.5344
2024-08-29,19.75,31.0,24.91,76.54,0.1,7.37,15.6,1014.03,4,False,8,2024,24,27.33,15.42,17.25,21.25,18.71,7.7,1.4,-0.8543,-0.5197
2024-08-30,31.67,52.0,24.52,73.54,0.0,6.98,15.0,1013.61,5,False,8,2024,24,19.75,27.33,18.17,20.83,19.07,7.37,0.1,-0.8631,-0.505
2024-08-31,20.63,38.0,25.55,71.21,0.0,7.0,17.1,1013.07,6,True,8,2024,24,31.67,19.75,17.79,26.25,20.99,6.98,0.0,-0.8717,-0.49
2024-09-01,15.88,26.0,25.23,64.92,0.3,6.8,15.3,1010.83,0,True,9,2024,24,20.63,31.67,14.0,24.02,21.4,7.0,0.0,-0.88,-0.475
2024-09-02,32.16,54.0,24.71,69.05,0.0,7.38,15.2,1010.11,1,False,9,2024,19,15.88,20.63,21.0,22.73,21.67,6.8,0.3,-0.8881,-0.4597
2024-09-03,40.58,64.0,23.74,74.29,3.8,5.06,16.9,1011.09,2,False,9,2024,24,32.16,15.88,15.42,22.89,23.26,7.38,0.0,-0.8958,-0.4444
2024-09-04,32.96,56.0,20.47,84.54,26.4,5.41,11.4,1010.58,3,False,9,2024,24,40.58,32.16,27.33,29.54,26.86,5.06,3.8,-0.9034,-0.4289
2024-09-05,25.79,64.0,20.33,76.67,0.1,7.95,17.4,1008.11,4,False,9,2024,24,32.96,40.58,19.75,35.23,27.66,5.41,26.4,-0.9106,-0.4133
2024-09-06,26.79,47.0,22.46,78.5,3.5,10.96,25.5,1005.75,5,False,9,2024,24,25.79,32.96,31.67,33.11,28.52,7.95,0.1,-0.9176,-0.3975
2024-09-07,22.17,47.0,24.03,82.13,1.2,9.53,20.0,1005.77,6,True,9,2024,24,26.79,25.79,20.63,28.51,27.83,10.96,3.5,-0.9243,-0.3817
2024-09-08,21.04,35.0,22.42,83.63,8.2,8.02,14.8,1007.97,0,True,9,2024,24,22.17,26.79,15.88,24.92,28.05,9.53,1.2,-0.9307,-0.3657
2024-09-09,32.63,70.0,21.78,74.33,0.3,9.05,16.7,1011.1,1,False,9,2024,24,21.04,22.17,32.16,23.33,28.78,8.02,8.2,-0.9369,-0.3496
2024-09-10,28.17,56.0,21.44,76.83,0.0,9.84,18.0,1012.8,2,False,9,2024,24,32.63,21.04,40.58,25.28,28.85,9.05,0.3,-0.9428,-0.3335
2024-09-11,21.83,66.0,20.39,77.29,0.0,7.75,15.5,1011.48,3,False,9,2024,24,28.17,32.63,32.96,27.28,27.08,9.84,0.0,-0.9484,-0.3172
2024-09-12,29.75,45.0,19.37,83.46,17.0,10.27,24.8,1009.92,4,False,9,2024,24,21.83,28.17,25.79,27.54,25.49,7.75,0.0,-0.9537,-0.3008
2024-09-13,33.13,63.0,17.7,76.29,0.1,8.03,19.2,1016.16,5,False,9,2024,24,29.75,21.83,26.79,26.58,26.05,10.27,17.0,-0.9587,-0.2844
2024-09-14,24.67,49.0,18.15,65.83,0.0,8.5,19.9,1019.45,6,True,9,2024,24,33.13,29.75,22.17,28.24,26.96,8.03,0.1,-0.9635,-0.2678
2024-09-15,28.71,56.0,19.0,63.33,0.0,7.36,14.0,1015.0,0,True,9,2024,24,24.67,33.13,21.04,29.18,27.32,8.5,0.0,-0.9679,-0.2512
2024-09-16,48.33,106.0,19.93,57.71,0.0,7.73,14.0,1012.04,1,False,9,2024,24,28.71,24.67,32.63,28.84,28.41,7.36,0.0,-0.9721,-0.2345
2024-09-17,43.05,96.0,18.57,63.45,1.4,9.21,21.0,1010.69,2,False,9,2024,20,48.33,28.71,28.17,33.9,30.66,7.73,0.0,-0.976,-0.2177
2024-09-18,35.42,67.0,19.35,69.08,2.7,10.82,19.1,1013.51,3,False,9,2024,24,43.05,48.33,21.83,40.03,32.78,9.21,1.4,-0.9796,-0.2009
2024-09-19,45.75,72.0,19.08,78.29,1.6,6.82,13.7,1013.18,4,False,9,2024,24,35.42,43.05,29.75,42.27,34.72,10.82,2.7,-0.9829,-0.184
2024-09-20,41.33,75.0,18.57,81.5,2.1,6.74,11.3,1014.08,5,False,9,2024,24,45.75,35.42,33.13,41.41,37.01,6.82,1.6,-0.9859,-0.1671
2024-09-21,28.42,51.0,19.7,81.58,3.2,10.57,20.2,1013.67,6,True,9,2024,24,41.33,45.75,24.67,40.83,38.18,6.74,2.1,-0.9887,-0.1501
2024-09-22,30.17,66.0,19.88,86.58,5.9,6.0,8.7,1011.3,0,True,9,2024,24,28.42,41.33,28.71,38.5,38.72,10.57,3.2,-0.9911,-0.133
2024-09-23,35.29,70.0,19.38,85.92,7.3,8.19,18.5,1010.88,1,False,9,2024,24,30.17,28.42,48.33,33.31,38.92,6.0,5.9,-0.9933,-0.1159
2024-09-24,23.29,42.0,19.96,81.38,3.7,8.71,22.0,1009.51,2,False,9,2024,24,35.29,30.17,43.05,31.29,37.06,8.19,7.3,-0.9951,-0.0988
2024-09-25,38.71,89.0,20.03,77.0,0.1,8.78,17.6,1010.0,3,False,9,2024,24,23.29,35.29,35.42,29.58,34.24,8.71,3.7,-0.9967,-0.0817
2024-09-26,36.79,66.0,23.03,73.29,0.0,11.01,24.6,1004.93,4,False,9,2024,24,38.71,23.29,45.75,32.43,34.71,8.78,0.1,-0.9979,-0.0645
2024-09-27,23.88,62.0,21.22,58.17,0.0,11.33,25.8,1008.81,5,False,9,2024,24,36.79,38.71,41.33,32.93,33.43,11.01,0.0,-0.9989,-0.0473
2024-09-28,21.04,46.0,17.18,60.21,0.0,8.02,15.8,1017.34,6,True,9,2024,24,23.88,36.79,28.42,33.13,30.94,11.33,0.0,-0.9995,-0.0301
2024-09-29,14.67,28.0,18.96,67.63,0.5,11.44,24.8,1020.05,0,True,9,2024,24,21.04,23.88,30.17,27.24,29.88,8.02,0.0,-0.9999,-0.0129
2024-09-30,29.04,86.0,19.8,77.21,0.0,9.38,21.0,1017.42,1,False,9,2024,24,14.67,21.04,35.29,19.86,27.67,11.44,0.5,-1.0,0.0043
2024-10-01,24.63,69.0,20.41,82.33,0.0,11.71,25.6,1012.53,2,False,10,2024,24,29.04,14.67,23.29,21.58,26.77,9.38,0.0,-0.9998,0.0215
2024-10-02,31.05,71.0,19.31,88.18,15.1,11.19,25.1,1006.37,3,False,10,2024,22,24.63,29.04,38.71,22.78,26.97,11.71,0.0,-0.9993,0.0387
2024-10-03,25.13,58.0,18.05,78.25,16.7,11.53,19.8,1004.79,4,False,10,2024,24,31.05,24.63,36.79,28.24,25.87,11.19,15.1,-0.9984,0.0559
2024-10-04,32.13,62.0,17.58,72.21,0.3,9.61,16.2,1009.58,5,False,10,2024,24,25.13,31.05,23.88,26.94,24.21,11.53,16.7,-0.9973,0.0731
2024-10-05,32.46,62.0,18.27,74.96,0.3,7.47,15.2,1010.34,6,True,10,2024,24,32.13,25.13,21.04,29.44,25.38,9.61,0.3,-0.9959,0.0903
2024-10-06,39.71,73.0,19.63,78.33,0.0,6.99,15.9,1006.75,0,True,10,2024,24,32.46,32.13,14.67,29.91,27.02,7.47,0.3,-0.9942,0.1074
2024-10-07,40.83,73.0,20.72,90.5,0.0,5.3,15.8,1004.4,1,False,10,2024,24,39.71,32.46,29.04,34.77,30.59,6.99,0.0,-0.9922,0.1245
2024-10-08,19.13,35.0,20.17,66.67,3.9,13.52,23.4,1003.36,2,False,10,2024,24,40.83,39.71,24.63,37.67,32.28,5.3,0.0,-0.9899,0.1415
2024-10-09,27.08,64.0,20.25,69.58,0.0,15.03,35.0,1000.69,3,False,10,2024,24,19.13,40.83,31.05,33.22,31.49,13.52,3.9,-0.9873,0.1586
2024-10-10,25.48,47.0,19.06,69.83,0.0,7.88,16.4,1004.03,4,False,10,2024,23,27.08,19.13,25.13,29.01,30.92,15.03,0.0,-0.9845,0.1755
2024-10-11,42.25,62.0,17.44,80.75,0.0,6.64,12.0,1012.12,5,False,10,2024,24,25.48,27.08,32.13,23.9,30.97,7.88,0.0,-0.9813,0.1925
2024-10-12,43.25,77.0,18.39,85.63,2.0,8.48,20.6,1011.33,6,True,10,2024,24,42.25,25.48,32.46,31.6,32.42,6.64,0.0,-0.9778,0.2093
2024-10-13,23.0,49.0,18.36,85.92,0.0,7.52,14.5,1015.11,0,True,10,2024,24,43.25,42.25,39.71,36.99,33.96,8.48,2.0,-0.9741,0.2261
2024-10-14,32.5,68.0,19.42,90.04,0.0,10.42,20.6,1014.8,1,False,10,2024,24,23.0,43.25,40.83,36.17,31.57,7.52,0.0,-0.9701,0.2428
2024-10-15,25.88,60.0,20.72,86.0,5.6,12.03,22.5,1010.6,2,False,10,2024,24,32.5,23.0,19.13,32.92,30.38,10.42,0.0,-0.9657,0.2595
2024-10-16,35.95,65.0,19.86,88.33,22.7,7.62,18.0,1007.93,3,False,10,2024,21,25.88,32.5,27.08,27.13,31.35,12.03,5.6,-0.9611,0.2761
2024-10-17,32.04,67.0,18.54,84.75,5.9,7.78,18.3,1007.69,4,False,10,2024,24,35.95,25.88,25.48,31.44,32.62,7.62,22.7,-0.9562,0.2926
2024-10-18,20.54,40.0,16.23,74.54,0.1,7.44,14.2,1013.34,5,False,10,2024,24,32.04,35.95,42.25,31.29,33.55,7.78,5.9,-0.9511,0.309
2024-10-19,27.08,67.0,15.16,80.08,0.0,5.87,10.6,1015.64,6,True,10,2024,24,20.54,32.04,43.25,29.51,30.45,7.44,0.1,-0.9456,0.3253
2024-10-20,36.88,79.0,17.08,77.5,0.0,6.12,10.4,1018.78,0,True,10,2024,24,27.08,20.54,23.0,26.55,28.14,5.87,0.0,-0.9399,0.3416
2024-10-21,34.21,68.0,18.1,80.17,0.0,7.96,14.4,1021.82,1,False,10,2024,24,36.88,27.08,32.5,28.17,30.12,6.12,0.0,-0.9338,0.3577
2024-10-22,33.08,65.0,17.58,81.88,0.0,8.96,21.5,1023.46,2,False,10,2024,24,34.21,36.88,25.88,32.72,30.37,7.96,0.0,-0.9275,0.3737
2024-10-23,39.79,64.0,17.06,84.21,0.0,5.25,12.6,1024.4,3,False,10,2024,24,33.08,34.21,35.95,34.72,31.4,8.96,0.0,-0.921,0.3896
2024-10-24,50.33,84.0,16.78,89.04,0.0,5.55,11.0,1020.77,4,False,10,2024,24,39.79,33.08,32.04,35.69,31.95,5.25,0.0,-0.9141,0.4054
2024-10-25,42.54,66.0,16.78,91.92,2.8,6.16,12.8,1015.65,5,False,10,2024,24,50.33,39.79,20.54,41.07,34.56,5.55,0.0,-0.907,0.4211
2024-10-26,26.71,53.0,16.35,90.29,17.2,6.44,14.8,1010.8,6,True,10,2024,24,42.54,50.33,27.08,44.22,37.7,6.16,2.8,-0.8996,0.4367
2024-10-27,20.39,31.0,15.55,81.83,3.9,12.0,21.2,1014.77,0,True,10,2024,23,26.71,42.54,36.88,39.86,37.65,6.44,17.2,-0.892,0.4521
2024-10-28,30.58,62.0,18.4,83.17,2.7,18.55,26.8,1018.61,1,False,10,2024,24,20.39,26.71,34.21,29.88,35.29,12.0,3.9,-0.8841,0.4674
2024-10-29,26.08,66.0,18.81,82.58,0.4,18.6,27.2,1019.56,2,False,10,2024,24,30.58,20.39,33.08,25.89,34.77,18.55,2.7,-0.8759,0.4825
2024-10-30,23.63,49.0,18.77,84.13,42.6,24.73,38.3,1017.1,3,False,10,2024,24,26.08,30.58,39.79,25.68,33.77,18.6,0.4,-0.8675,0.4975
2024-10-31,30.0,60.0,19.08,83.25,6.8,16.04,25.2,1018.81,4,False,10,2024,24,23.63,26.08,50.33,26.76,31.47,24.73,42.6,-0.8588,0.5124
2024-11-01,22.88,39.0,16.97,84.83,5.9,9.14,18.2,1019.18,5,False,11,2024,24,30.0,23.63,42.54,26.57,28.56,16.04,6.8,-0.8498,0.5271
2024-11-02,23.83,49.0,16.86,83.13,27.1,13.31,28.5,1018.05,6,True,11,2024,24,22.88,30.0,26.71,25.5,25.75,9.14,5.9,-0.8406,0.5416
2024-11-03,20.79,42.0,17.04,88.67,8.0,9.28,18.5,1021.1,0,True,11,2024,24,23.83,22.88,20.39,25.57,25.34,13.31,27.1,-0.8312,0.556
2024-11-05,42.29,81.0,17.73,89.79,10.3,5.15,10.2,1019.99,2,False,11,2024,24,20.79,23.83,30.58,22.5,25.4,9.28,8.0,-0.8115,0.5843
2024-11-06,30.21,55.0,16.53,90.0,6.6,5.92,14.1,1022.34,3,False,11,2024,24,42.29,20.79,26.08,28.97,27.07,5.15,10.3,-0.8014,0.5982
2024-11-07,35.33,62.0,16.23,84.63,4.5,10.63,19.5,1021.65,4,False,11,2024,24,30.21,42.29,23.63,31.1,27.66,5.92,6.6,-0.7909,0.6119
2024-11-08,35.67,68.0,15.41,84.88,0.4,4.61,8.0,1019.33,5,False,11,2024,24,35.33,30.21,30.0,35.94,29.33,10.63,4.5,-0.7803,0.6254
2024-11-09,31.92,55.0,14.95,91.17,1.6,5.43,9.0,1019.05,6,True,11,2024,24,35.67,35.33,22.88,33.74,30.14,4.61,0.4,-0.7694,0.6387
2024-11-10,17.54,49.0,15.64,83.79,0.2,6.83,11.3,1019.52,0,True,11,2024,24,31.92,35.67,23.83,34.31,31.43,5.43,1.6,-0.7583,0.6519
2024-11-11,36.58,67.0,14.05,83.46,0.0,6.43,9.2,1020.1,1,False,11,2024,24,17.54,31.92,20.79,28.38,30.54,6.83,0.2,-0.747,0.6649
2024-11-12,26.0,44.0,11.86,85.08,3.1,5.85,10.9,1016.16,2,False,11,2024,24,36.58,17.54,42.29,28.68,32.79,6.43,0.0,-0.7354,0.6776
2024-11-13,29.0,44.0,13.03,76.38,6.7,16.25,28.4,1015.95,3,False,11,2024,24,26.0,36.58,30.21,26.71,30.46,5.85,3.1,-0.7236,0.6902
2024-11-14,42.42,70.0,12.9,76.92,0.0,7.76,15.1,1018.4,4,False,11,2024,24,29.0,26.0,35.33,30.53,30.29,16.25,6.7,-0.7117,0.7025
2024-11-15,46.58,77.0,13.75,77.33,0.0,5.44,10.4,1020.56,5,False,11,2024,24,42.42,29.0,35.67,32.47,31.3,7.76,0.0,-0.6995,0.7147
2024-11-16,43.88,74.0,13.32,86.42,0.0,5.75,11.0,1018.94,6,True,11,2024,24,46.58,42.42,31.92,39.33,32.86,5.44,0.0,-0.6871,0.7266
2024-11-17,26.71,69.0,13.11,86.04,0.0,5.14,8.8,1015.71,0,True,11,2024,24,43.88,46.58,17.54,44.29,34.57,5.75,0.0,-0.6744,0.7383
2024-11-18,34.3,56.0,12.81,89.25,0.2,6.56,10.7,1014.98,1,False,11,2024,20,26.71,43.88,36.58,39.06,35.88,5.14,0.0,-0.6616,0.7498
2024-11-19,36.54,65.0,12.87,88.5,0.0,6.73,10.3,1012.78,2,False,11,2024,24,34.3,26.71,26.0,34.96,35.56,6.56,0.2,-0.6486,0.7611
2024-11-20,25.79,55.0,16.02,65.83,0.0,15.51,27.0,1008.27,3,False,11,2024,24,36.54,34.3,29.0,32.52,37.06,6.73,0.0,-0.6354,0.7722
2024-11-21,23.38,56.0,15.13,72.67,0.0,12.63,24.5,1005.74,4,False,11,2024,24,25.79,36.54,42.42,32.21,36.6,15.51,0.0,-0.622,0.783
2024-11-22,26.04,66.0,15.18,60.21,0.0,13.96,26.3,1008.2,5,False,11,2024,24,23.38,25.79,46.58,28.57,33.88,12.63,0.0,-0.6085,0.7936
2024-11-23,29.58,64.0,13.49,77.71,0.4,7.29,17.6,1022.29,6,True,11,2024,24,26.04,23.38,43.88,25.07,30.95,13.96,0.0,-0.5947,0.8039
2024-11-24,29.71,53.0,15.15,86.58,0.2,4.17,10.5,1022.47,0,True,11,2024,24,29.58,26.04,26.71,26.33,28.91,7.29,0.4,-0.5808,0.814
2024-11-25,56.25,80.0,15.03,91.92,0.0,7.53,16.1,1017.01,1,False,11,2024,24,29.71,29.58,34.3,28.44,29.33,4.17,0.2,-0.5667,0.8239
2024-11-26,32.79,64.0,14.11,79.21,0.1,5.25,8.6,1019.01,2,False,11,2024,24,56.25,29.71,36.54,38.51,32.47,7.53,0.0,-0.5524,0.8336
2024-11-27,31.38,70.0,12.04,75.58,0.0,5.18,8.5,1020.83,3,False,11,2024,24,32.79,56.25,25.79,39.58,31.93,5.25,0.1,-0.538,0.8429
2024-11-28,45.25,77.0,10.42,80.38,0.0,6.93,9.6,1022.35,4,False,11,2024,24,31.38,32.79,23.38,40.14,32.73,5.18,0.0,-0.5234,0.8521
2024-11-29,39.63,58.0,10.78,79.42,0.0,6.38,10.6,1021.49,5,False,11,2024,19,45.25,31.38,26.04,36.47,35.86,6.93,0.0,-0.5087,0.861
2024-11-30,39.25,66.0,11.35,87.83,0.0,5.12,8.1,1024.33,6,True,11,2024,24,39.63,45.25,29.58,38.75,37.8,6.38,0.0,-0.4938,0.8696
2024-12-01,29.88,63.0,13.01,89.08,0.0,6.28,8.6,1022.42,0,True,12,2024,24,39.25,39.63,29.71,41.38,39.18,5.12,0.0,-0.4787,0.878
2024-12-02,28.29,48.0,12.26,80.83,0.0,8.9,12.5,1018.46,1,False,12,2024,24,29.88,39.25,56.25,36.25,39.2,6.28,0.0,-0.4636,0.8861
2024-12-03,28.35,51.0,11.65,84.3,0.5,8.45,14.1,1017.39,2,False,12,2024,23,28.29,29.88,32.79,32.47,35.21,8.9,0.0,-0.4482,0.8939
2024-12-04,29.38,51.0,11.88,84.83,3.6,4.12,7.0,1017.99,3,False,12,2024,24,28.35,28.29,31.38,28.84,34.58,8.45,0.5,-0.4328,0.9015
2024-12-05,34.71,79.0,9.7,75.63,0.0,6.09,11.7,1022.9,4,False,12,2024,24,29.38,28.35,45.25,28.67,34.29,4.12,3.6,-0.4172,0.9088
2024-12-06,33.96,70.0,13.03,72.33,0.0,7.56,12.2,1019.47,5,False,12,2024,24,34.71,29.38,39.63,30.81,32.78,6.09,0.0,-0.4015,0.9159
2024-12-07,25.17,65.0,12.87,71.42,0.0,12.23,24.5,1014.18,6,True,12,2024,24,33.96,34.71,39.25,32.68,31.97,7.56,0.0,-0.3857,0.9226
2024-12-08,10.25,17.0,10.12,54.75,0.0,17.33,20.6,1009.03,0,True,12,2024,24,25.17,33.96,29.88,31.28,29.96,12.23,0.0,-0.3697,0.9291
2024-12-09,24.79,52.0,9.29,64.38,0.8,11.29,21.8,1008.28,1,False,12,2024,24,10.25,25.17,28.29,23.13,27.16,17.33,0.0,-0.3537,0.9354
2024-12-10,29.04,43.0,7.36,87.5,11.5,3.97,9.5,1013.91,2,False,12,2024,24,24.79,10.25,28.35,20.07,26.66,11.29,0.8,-0.3375,0.9413
2024-12-11,34.79,49.0,8.08,90.13,11.7,7.63,12.0,1017.73,3,False,12,2024,24,29.04,24.79,29.38,21.36,26.76,3.97,11.5,-0.3213,0.947
2024-12-12,36.92,63.0,10.9,78.08,1.9,16.12,23.8,1017.99,4,False,12,2024,24,34.79,29.04,34.71,29.54,27.53,7.63,11.7,-0.3049,0.9524
2024-12-13,45.17,70.0,10.42,84.46,0.4,6.9,14.7,1018.8,5,False,12,2024,24,36.92,34.79,33.96,33.58,27.85,16.12,1.9,-0.2885,0.9575
2024-12-14,24.58,55.0,8.87,76.96,0.0,8.68,10.9,1023.17,6,True,12,2024,24,45.17,36.92,25.17,38.96,29.45,6.9,0.4,-0.272,0.9623
2024-12-15,30.13,63.0,7.57,80.79,0.0,6.28,10.2,1028.68,0,True,12,2024,24,24.58,45.17,10.25,35.56,29.36,8.68,0.0,-0.2554,0.9668
2024-12-16,34.83,72.0,7.24,76.46,0.0,8.41,11.9,1034.8,1,False,12,2024,24,30.13,24.58,24.79,33.29,32.2,6.28,0.0,-0.2387,0.9711
2024-12-17,41.0,89.0,8.37,76.04,0.1,9.94,16.5,1030.1,2,False,12,2024,24,34.83,30.13,29.04,29.85,33.64,8.41,0.0,-0.2219,0.9751
2024-12-18,48.96,78.0,8.09,77.88,0.0,6.95,10.4,1024.62,3,False,12,2024,24,41.0,34.83,34.79,35.32,35.35,9.94,0.1,-0.2051,0.9787
2024-12-19,33.16,61.0,13.15,62.05,0.0,14.56,22.6,1014.56,4,False,12,2024,19,48.96,41.0,36.92,41.6,37.37,6.95,0.0,-0.1882,0.9821
2024-12-20,32.63,75.0,9.2,67.58,0.0,5.95,18.2,1020.97,5,False,12,2024,24,33.16,48.96,45.17,41.04,36.83,14.56,0.0,-0.1713,0.9852
2024-12-21,25.13,69.0,7.21,70.79,0.0,7.36,11.4,1024.79,6,True,12,2024,24,32.63,33.16,24.58,38.25,35.04,5.95,0.0,-0.1543,0.988
2024-12-22,10.25,15.0,11.14,71.0,0.0,13.68,23.3,1018.59,0,True,12,2024,24,25.13,32.63,30.13,30.31,35.12,7.36,0.0,-0.1373,0.9905
2024-12-23,41.83,99.0,10.14,62.25,0.0,6.8,22.0,1016.78,1,False,12,2024,24,10.25,25.13,34.83,22.67,32.28,13.68,0.0,-0.1202,0.9927
2024-12-24,40.58,69.0,8.02,70.17,0.0,4.18,11.4,1020.85,2,False,12,2024,24,41.83,10.25,41.0,25.74,33.28,6.8,0.0,-0.1031,0.9947
2024-12-25,44.58,65.0,9.53,83.21,0.0,3.69,6.8,1025.1,3,False,12,2024,24,40.58,41.83,48.96,30.89,33.22,4.18,0.0,-0.086,0.9963
2024-12-26,40.33,61.0,10.91,88.58,0.0,4.46,10.1,1026.89,4,False,12,2024,24,44.58,40.58,33.16,42.33,32.59,3.69,0.0,-0.0688,0.9976
2024-12-27,61.83,92.0,9.2,79.54,0.0,5.23,8.8,1028.21,5,False,12,2024,24,40.33,44.58,32.63,41.83,33.62,4.46,0.0,-0.0516,0.9987
2024-12-28,54.17,79.0,6.89,79.38,0.0,5.35,8.5,1026.69,6,True,12,2024,24,61.83,40.33,25.13,48.91,37.79,5.23,0.0,-0.0344,0.9994
2024-12-29,59.79,82.0,6.73,76.38,0.0,5.39,8.4,1025.85,0,True,12,2024,24,54.17,61.83,10.25,52.11,41.94,5.35,0.0,-0.0172,0.9999
2024-12-30,57.88,78.0,6.25,76.5,0.0,5.52,8.4,1026.8,1,False,12,2024,24,59.79,54.17,41.83,58.6,49.02,5.39,0.0,0.0,1.0
2024-12-31,51.71,74.0,6.99,85.5,0.0,5.63,8.0,1028.17,2,False,12,2024,24,57.88,59.79,40.58,57.28,51.31,5.52,0.0,0.0172,0.9999
2025-01-01,37.33,72.0,8.17,88.13,0.0,6.15,8.4,1027.73,3,False,1,2025,24,51.71,57.88,44.58,56.46,52.9,5.63,0.0,0.0172,0.9999
2025-01-02,22.55,37.0,7.36,71.7,0.0,10.64,12.5,1022.74,4,False,1,2025,20,37.33,51.71,40.33,48.97,51.86,6.15,0.0,0.0344,0.9994
2025-01-03,20.29,36.0,8.54,69.67,0.0,10.55,14.6,1018.15,5,False,1,2025,24,22.55,37.33,61.83,37.2,49.32,10.64,0.0,0.0516,0.9987
2025-01-04,32.83,76.0,9.41,80.71,0.0,7.55,10.9,1017.25,6,True,1,2025,24,20.29,22.55,54.17,26.72,43.39,10.55,0.0,0.0688,0.9976
2025-01-05,30.83,68.0,9.62,79.08,0.0,9.98,14.8,1010.05,0,True,1,2025,24,32.83,20.29,59.79,25.22,40.34,7.55,0.0,0.086,0.9963
2025-01-06,35.29,71.0,12.4,72.5,1.2,7.85,13.7,1002.76,1,False,1,2025,24,30.83,32.83,57.88,27.98,36.2,9.98,0.0,0.1031,0.9947
2025-01-07,20.88,54.0,10.07,68.46,0.4,11.64,16.7,1011.56,2,False,1,2025,24,35.29,30.83,51.71,32.98,32.98,7.85,1.2,0.1202,0.9927
2025-01-08,29.04,69.0,12.65,62.92,0.0,12.53,15.0,1012.24,3,False,1,2025,24,20.88,35.29,37.33,29.0,28.57,11.64,0.4,0.1373,0.9905
2025-01-09,26.38,71.0,14.63,58.0,0.0,16.23,25.3,1011.63,4,False,1,2025,24,29.04,20.88,22.55,28.4,27.39,12.53,0.0,0.1543,0.988
2025-01-10,47.75,71.0,12.38,72.0,0.1,5.83,11.7,1017.56,5,False,1,2025,24,26.38,29.04,20.29,25.43,27.93,16.23,0.0,0.1713,0.9852
2025-01-11,26.08,50.0,14.29,64.71,0.0,8.63,14.6,1015.13,6,True,1,2025,24,47.75,26.38,32.83,34.39,31.86,5.83,0.1,0.1882,0.9821
2025-01-12,27.46,55.0,9.64,41.0,0.0,7.82,15.1,1020.58,0,True,1,2025,24,26.08,47.75,30.83,33.4,30.89,8.63,0.0,0.2051,0.9787
2025-01-13,42.38,67.0,5.78,54.67,0.0,5.58,9.8,1025.29,1,False,1,2025,24,27.46,26.08,35.29,33.76,30.41,7.82,0.0,0.2219,0.9751
2025-01-14,45.79,74.0,4.84,61.08,0.0,6.15,11.6,1027.28,2,False,1,2025,24,42.38,27.46,20.88,31.97,31.42,5.58,0.0,0.2387,0.9711
2025-01-15,37.13,73.0,4.48,59.88,0.0,7.73,10.6,1023.28,3,False,1,2025,24,45.79,42.38,29.04,38.54,34.98,6.15,0.0,0.2554,0.9668
2025-01-16,35.58,68.0,6.01,65.13,1.5,13.19,25.3,1022.5,4,False,1,2025,24,37.13,45.79,26.38,41.77,36.14,7.73,0.0,0.272,0.9623
2025-01-17,35.0,88.0,9.96,60.96,1.1,17.06,22.8,1025.78,5,False,1,2025,24,35.58,37.13,47.75,39.5,37.45,13.19,1.5,0.2885,0.9575
2025-01-18,56.25,86.0,7.08,65.08,0.0,5.69,9.9,1021.61,6,True,1,2025,24,35.0,35.58,26.08,35.9,35.63,17.06,1.1,0.3049,0.9524
2025-01-19,41.21,75.0,8.96,69.83,0.0,5.4,8.6,1017.73,0,True,1,2025,24,56.25,35.0,27.46,42.28,39.94,5.69,0.0,0.3213,0.947
2025-01-20,61.5,89.0,8.11,78.85,0.0,6.25,9.9,1014.79,1,False,1,2025,20,41.21,56.25,42.38,44.15,41.91,5.4,0.0,0.3375,0.9413
2025-01-21,62.25,101.0,8.21,77.21,0.2,5.8,9.0,1011.91,2,False,1,2025,24,61.5,41.21,45.79,52.99,44.64,6.25,0.0,0.3537,0.9354
2025-01-22,53.08,82.0,11.54,78.67,0.0,8.63,18.1,1007.1,3,False,1,2025,24,62.25,61.5,37.13,54.99,46.99,5.8,0.2,0.3697,0.9291
2025-01-23,46.54,105.0,12.48,80.29,0.0,7.32,11.5,1010.56,4,False,1,2025,24,53.08,62.25,35.58,58.94,49.27,8.63,0.0,0.3857,0.9226
2025-01-24,45.79,76.0,12.02,83.08,0.0,8.07,14.2,1015.48,5,False,1,2025,24,46.54,53.08,35.0,53.96,50.83,7.32,0.0,0.4015,0.9159
2025-01-25,41.17,69.0,11.86,75.58,0.2,8.34,14.5,1011.3,6,True,1,2025,24,45.79,46.54,56.25,48.47,52.37,8.07,0.0,0.4172,0.9088
2025-01-26,23.79,52.0,11.99,68.71,0.0,9.25,18.7,1014.45,0,True,1,2025,24,41.17,45.79,41.21,44.5,50.22,8.34,0.2,0.4328,0.9015
2025-01-27,21.79,42.0,16.6,69.13,0.8,20.23,27.4,1005.12,1,False,1,2025,24,23.79,41.17,61.5,36.92,47.73,9.25,0.0,0.4482,0.8939
2025-01-28,15.42,30.0,13.2,44.38,0.1,20.95,27.4,1008.07,2,False,1,2025,24,21.79,23.79,62.25,28.92,42.06,20.23,0.8,0.4636,0.8861
2025-01-29,23.38,59.0,11.58,55.33,0.0,14.36,20.6,1013.18,3,False,1,2025,24,15.42,21.79,53.08,20.33,35.37,20.95,0.1,0.4787,0.878
2025-01-30,31.33,74.0,10.45,67.5,1.3,8.57,18.3,1009.44,4,False,1,2025,24,23.38,15.42,46.54,20.2,31.13,14.36,0.0,0.4938,0.8696
2025-01-31,28.88,54.0,9.5,66.46,3.2,7.74,13.9,1021.36,5,False,1,2025,24,31.33,23.38,45.79,23.38,28.95,8.57,1.3,0.5087,0.861
2025-02-01,33.33,71.0,8.53,77.67,2.3,7.15,11.6,1019.86,6,True,2,2025,24,28.88,31.33,41.17,27.86,26.54,7.74,3.2,0.5234,0.8521
2025-02-02,25.38,48.0,8.98,69.67,0.0,5.55,8.3,1016.45,0,True,2,2025,24,33.33,28.88,23.79,31.18,25.42,7.15,2.3,0.538,0.8429
2025-02-03,37.88,81.0,9.51,65.08,0.0,6.68,9.5,1019.87,1,False,2,2025,24,25.38,33.33,21.79,29.2,25.64,5.55,0.0,0.5524,0.8336
2025-02-04,51.71,97.0,8.9,66.42,0.0,6.95,12.1,1023.92,2,False,2,2025,24,37.88,25.38,15.42,32.2,27.94,6.68,0.0,0.5667,0.8239
2025-02-05,58.0,92.0,9.07,75.13,0.0,6.14,11.2,1028.73,3,False,2,2025,24,51.71,37.88,23.38,38.32,33.13,6.95,0.0,0.5808,0.814
2025-02-06,47.89,72.0,7.59,85.0,0.0,6.31,11.2,1026.89,4,False,2,2025,18,58.0,51.71,31.33,49.2,38.07,6.14,0.0,0.5947,0.8039
2025-02-07,43.5,88.0,9.74,81.29,1.4,8.15,19.1,1018.79,5,False,2,2025,24,47.89,58.0,28.88,52.53,40.44,6.31,0.0,0.6085,0.7936
2025-02-08,25.25,69.0,9.92,81.17,13.0,10.29,20.4,1015.97,6,True,2,2025,24,43.5,47.89,33.33,49.8,42.53,8.15,1.4,0.622,0.783
2025-02-09,31.13,54.0,7.4,80.88,0.0,5.64,8.5,1022.89,0,True,2,2025,24,25.25,43.5,25.38,38.88,41.37,10.29,13.0,0.6354,0.7722
2025-02-10,51.08,76.0,9.91,84.83,0.0,6.35,14.1,1021.05,1,False,2,2025,24,31.13,25.25,37.88,33.29,42.19,5.64,0.0,0.6486,0.7611
2025-02-11,42.33,76.0,11.56,85.04,1.8,5.95,14.5,1017.2,2,False,2,2025,24,51.08,31.13,51.71,35.82,44.08,6.35,0.0,0.6616,0.7498
2025-02-12,48.33,82.0,9.83,91.42,9.2,5.8,10.9,1013.23,3,False,2,2025,24,42.33,51.08,58.0,41.51,42.74,5.95,1.8,0.6744,0.7383
2025-02-13,29.08,55.0,11.35,88.88,0.7,6.31,14.7,1015.26,4,False,2,2025,24,48.33,42.33,47.89,47.25,41.36,5.8,9.2,0.6871,0.7266
2025-02-14,52.54,85.0,10.09,85.79,0.0,4.96,8.8,1014.42,5,False,2,2025,24,29.08,48.33,43.5,39.91,38.67,6.31,0.7,0.6995,0.7147
2025-02-15,34.38,76.0,10.41,79.17,0.1,5.76,12.8,1014.04,6,True,2,2025,24,52.54,29.08,25.25,43.32,39.96,4.96,0.0,0.7117,0.7025
2025-02-16,29.67,71.0,10.22,89.13,0.0,5.04,10.3,1011.0,0,True,2,2025,24,34.38,52.54,31.13,38.67,41.27,5.76,0.1,0.7236,0.6902
2025-02-17,43.08,60.0,10.43,91.54,0.0,4.94,8.8,1012.95,1,False,2,2025,24,29.67,34.38,51.08,38.86,41.06,5.04,0.0,0.7354,0.6776
2025-02-18,44.62,66.0,10.86,90.57,0.0,4.56,8.8,1014.13,2,False,2,2025,21,43.08,29.67,42.33,35.71,39.92,4.94,0.0,0.747,0.6649
2025-02-19,36.92,76.0,11.19,91.17,0.1,9.3,16.8,1017.2,3,False,2,2025,24,44.62,43.08,48.33,39.12,40.24,4.56,0.0,0.7583,0.6519
2025-02-20,33.04,63.0,12.55,86.29,0.0,6.46,11.3,1023.74,4,False,2,2025,24,36.92,44.62,29.08,41.54,38.61,9.3,0.1,0.7694,0.6387
2025-02-21,45.46,80.0,12.8,86.92,0.3,8.08,15.0,1023.01,5,False,2,2025,24,33.04,36.92,52.54,38.19,39.18,6.46,0.0,0.7803,0.6254
2025-02-22,31.5,72.0,13.12,93.29,4.9,7.39,13.2,1018.6,6,True,2,2025,24,45.46,33.04,34.38,38.47,38.17,8.08,0.3,0.7909,0.6119
2025-02-23,37.75,71.0,11.88,88.25,1.3,3.97,8.8,1024.37,0,True,2,2025,24,31.5,45.46,29.67,36.67,37.76,7.39,4.9,0.8014,0.5982
2025-02-24,46.25,79.0,10.78,85.13,0.0,8.26,17.0,1024.28,1,False,2,2025,24,37.75,31.5,43.08,38.24,38.91,3.97,1.3,0.8115,0.5843
2025-02-25,41.17,71.0,11.07,85.21,2.3,7.37,11.7,1017.32,2,False,2,2025,24,46.25,37.75,44.62,38.5,39.36,8.26,0.0,0.8215,0.5702
2025-02-26,31.42,64.0,10.1,82.29,3.7,6.37,13.2,1020.25,3,False,2,2025,24,41.17,46.25,36.92,41.72,38.87,7.37,2.3,0.8312,0.556
2025-02-27,42.92,66.0,10.04,82.0,0.0,5.42,10.3,1017.86,4,False,2,2025,24,31.42,41.17,33.04,39.61,38.08,6.37,3.7,0.8406,0.5416
2025-02-28,39.58,74.0,10.54,78.83,0.0,7.21,12.8,1016.38,5,False,2,2025,24,42.92,31.42,45.46,38.5,39.5,5.42,0.0,0.8498,0.5271
2025-03-01,24.08,41.0,9.58,75.79,0.0,6.54,15.6,1015.03,6,True,3,2025,24,39.58,42.92,31.5,37.97,38.66,7.21,0.0,0.8588,0.5124
2025-03-02,15.92,25.0,11.43,67.54,0.0,15.01,27.9,1019.08,0,True,3,2025,24,24.08,39.58,37.75,35.53,37.6,6.54,0.0,0.8675,0.4975
2025-03-03,21.79,38.0,12.25,78.75,9.1,18.8,21.5,1020.06,1,False,3,2025,24,15.92,24.08,46.25,26.53,34.48,15.01,0.0,0.8759,0.4825
2025-03-04,25.71,65.0,13.4,74.46,0.3,17.18,19.4,1018.72,2,False,3,2025,24,21.79,15.92,41.17,20.6,30.98,18.8,9.1,0.8841,0.4674
2025-03-05,27.39,59.0,12.13,77.61,0.0,15.48,22.9,1019.22,3,False,3,2025,18,25.71,21.79,31.42,21.14,28.77,17.18,0.3,0.892,0.4521
2025-03-06,18.25,33.0,12.51,81.46,9.9,18.86,25.2,1017.1,4,False,3,2025,24,27.39,25.71,42.92,24.96,28.2,15.48,0.0,0.8996,0.4367
2025-03-07,25.33,44.0,12.58,88.88,12.2,17.31,21.3,1013.21,5,False,3,2025,24,18.25,27.39,39.58,23.78,24.67,18.86,9.9,0.907,0.4211
2025-03-08,23.29,62.0,13.54,93.79,7.1,14.08,19.9,1006.47,6,True,3,2025,24,25.33,18.25,24.08,23.66,22.64,17.31,12.2,0.9141,0.4054
2025-03-11,44.46,70.0,11.18,87.0,4.2,6.11,13.1,998.88,2,False,3,2025,24,23.29,25.33,15.92,22.29,22.53,14.08,7.1,0.9338,0.3577
2025-03-12,36.13,70.0,11.41,84.96,5.9,5.99,12.4,996.69,3,False,3,2025,24,44.46,23.29,21.79,31.03,26.6,6.11,4.2,0.9399,0.3416
2025-03-13,26.83,58.0,9.89,86.79,7.5,9.88,19.5,995.02,4,False,3,2025,24,36.13,44.46,25.71,34.63,28.65,5.99,5.9,0.9456,0.3253
2025-03-14,33.88,57.0,8.8,91.29,15.7,4.85,13.5,996.71,5,False,3,2025,24,26.83,36.13,27.39,35.81,28.81,9.88,7.5,0.9511,0.309
2025-03-15,17.75,37.0,9.73,74.83,1.4,8.66,18.4,1005.73,6,True,3,2025,24,33.88,26.83,18.25,32.28,29.74,4.85,15.7,0.9562,0.2926
2025-03-16,22.33,40.0,8.2,77.79,3.4,6.25,12.1,1013.25,0,True,3,2025,24,17.75,33.88,25.33,26.15,29.67,8.66,1.4,0.9611,0.2761
2025-03-17,23.71,41.0,9.08,80.88,0.9,5.21,11.2,1015.09,1,False,3,2025,24,22.33,17.75,23.29,24.65,29.24,6.25,3.4,0.9657,0.2595
2025-03-18,29.35,53.0,9.31,82.6,0.4,9.95,17.9,1016.48,2,False,3,2025,20,23.71,22.33,44.46,21.26,29.3,5.21,0.9,0.9701,0.2428
2025-03-19,20.46,34.0,12.72,93.92,20.8,16.65,23.2,1019.98,3,False,3,2025,24,29.35,23.71,36.13,25.13,27.14,9.95,0.4,0.9741,0.2261
2025-03-20,19.38,28.0,13.89,92.25,3.0,19.75,25.7,1019.26,4,False,3,2025,24,20.46,29.35,26.83,24.51,24.9,16.65,20.8,0.9778,0.2093
2025-03-21,36.67,100.0,14.22,88.63,6.8,16.83,23.3,1008.87,5,False,3,2025,24,19.38,20.46,33.88,23.06,23.84,19.75,3.0,0.9813,0.1925
2025-03-22,44.42,80.0,12.29,77.46,1.4,7.81,19.4,1002.97,6,True,3,2025,24,36.67,19.38,17.75,25.5,24.24,16.83,6.8,0.9845,0.1755
2025-03-23,25.0,71.0,10.61,83.71,14.0,9.53,19.1,1003.19,0,True,3,2025,24,44.42,36.67,22.33,33.49,28.05,7.81,1.4,0.9873,0.1586
2025-03-24,26.33,52.0,10.21,83.04,4.3,4.81,9.4,1009.78,1,False,3,2025,24,25.0,44.42,23.71,35.36,28.43,9.53,14.0,0.9899,0.1415
2025-03-25,36.79,65.0,11.79,82.04,0.2,5.18,8.4,1016.03,2,False,3,2025,24,26.33,25.0,29.35,31.92,28.8,4.81,4.3,0.9922,0.1245
2025-03-26,32.79,58.0,11.88,84.25,0.1,5.78,9.1,1014.86,3,False,3,2025,24,36.79,26.33,20.46,29.37,29.86,5.18,0.2,0.9942,0.1074
2025-03-27,27.79,49.0,12.34,82.08,0.1,6.65,10.9,1012.32,4,False,3,2025,24,32.79,36.79,19.38,31.97,31.63,5.78,0.1,0.9959,0.0903
2025-03-28,29.75,67.0,12.63,83.67,1.1,5.99,15.0,1010.54,5,False,3,2025,24,27.79,32.79,36.67,32.46,32.83,6.65,0.1,0.9973,0.0731
2025-03-29,21.04,44.0,12.58,52.92,0.0,13.78,23.1,1009.9,6,True,3,2025,24,29.75,27.79,44.42,30.11,31.84,5.99,1.1,0.9984,0.0559
2025-03-30,19.09,57.0,12.39,61.22,0.0,10.48,16.2,1014.72,0,True,3,2025,23,21.04,29.75,25.0,26.19,28.5,13.78,0.0,0.9993,0.0387
2025-03-31,36.04,65.0,13.09,71.96,0.0,6.58,10.6,1013.48,1,False,3,2025,24,19.09,21.04,26.33,23.29,27.65,10.48,0.0,0.9998,0.0215
2025-04-01,40.42,74.0,12.49,75.5,0.0,6.54,14.9,1008.52,2,False,4,2025,24,36.04,19.09,36.79,25.39,29.04,6.58,0.0,1.0,0.0043
2025-04-02,23.17,45.0,13.13,81.29,2.1,13.15,18.0,1007.77,3,False,4,2025,24,40.42,36.04,32.79,31.85,29.56,6.54,0.0,0.9999,-0.0129
2025-04-03,17.55,49.0,13.71,80.9,0.1,15.56,21.4,1013.91,4,False,4,2025,20,23.17,40.42,27.79,33.21,28.19,13.15,2.1,0.9995,-0.0301
2025-04-04,16.88,35.0,15.28,66.17,0.0,20.37,27.3,1010.87,5,False,4,2025,24,17.55,23.17,29.75,27.05,26.72,15.56,0.1,0.9989,-0.0473
2025-04-05,28.25,82.0,15.2,80.88,0.3,7.03,13.6,1008.87,6,True,4,2025,24,16.88,17.55,21.04,19.2,24.88,20.37,0.0,0.9979,-0.0645
2025-04-06,34.96,81.0,16.94,72.58,0.0,8.86,16.4,1007.93,0,True,4,2025,24,28.25,16.88,19.09,20.89,25.91,7.03,0.3,0.9967,-0.0817
2025-04-07,34.79,76.0,15.03,79.54,0.0,6.58,15.1,1013.57,1,False,4,2025,24,34.96,28.25,36.04,26.7,28.18,8.86,0.0,0.9951,-0.0988
2025-04-08,41.75,86.0,13.89,84.58,0.0,5.77,13.0,1019.29,2,False,4,2025,24,34.79,34.96,40.42,32.67,28.0,6.58,0.0,0.9933,-0.1159
2025-04-09,30.46,73.0,13.9,89.88,0.0,5.91,14.8,1016.68,3,False,4,2025,24,41.75,34.79,23.17,37.17,28.19,5.77,0.0,0.9911,-0.133
2025-04-10,15.17,30.0,14.71,88.42,0.1,6.9,13.2,1018.35,4,False,4,2025,24,30.46,41.75,17.55,35.67,29.23,5.91,0.0,0.9887,-0.1501
2025-04-11,26.75,86.0,13.5,88.67,2.4,5.13,8.7,1017.18,5,False,4,2025,24,15.17,30.46,16.88,29.13,28.89,6.9,0.1,0.9859,-0.1671
2025-04-12,22.92,48.0,14.54,86.71,0.1,5.26,9.6,1009.18,6,True,4,2025,24,26.75,15.17,28.25,24.13,30.3,5.13,2.4,0.9829,-0.184
2025-04-13,16.58,48.0,15.22,88.58,0.0,4.79,9.9,1006.59,0,True,4,2025,24,22.92,26.75,34.96,21.61,29.54,5.26,0.1,0.9796,-0.2009
2025-04-14,19.96,41.0,15.38,89.13,0.1,5.87,12.1,1004.4,1,False,4,2025,24,16.58,22.92,34.79,22.08,26.92,4.79,0.0,0.976,-0.2177
2025-04-15,19.25,52.0,15.82,83.46,0.9,7.06,18.9,999.28,2,False,4,2025,24,19.96,16.58,41.75,19.82,24.8,5.87,0.1,0.9721,-0.2345
2025-04-16,19.2,35.0,11.87,83.6,6.5,6.7,12.2,1005.13,3,False,4,2025,20,19.25,19.96,30.46,18.6,21.58,7.06,0.9,0.9679,-0.2512
2025-04-17,18.83,68.0,12.9,67.0,0.0,8.55,17.6,1008.62,4,False,4,2025,24,19.2,19.25,15.17,19.47,19.98,6.7,6.5,0.9635,-0.2678
2025-04-18,15.13,26.0,14.02,77.75,0.0,7.51,13.6,1011.31,5,False,4,2025,24,18.83,19.2,26.75,19.09,20.5,8.55,0.0,0.9587,-0.2844
2025-04-19,16.63,40.0,15.45,79.54,1.1,9.48,24.0,1002.59,6,True,4,2025,24,15.13,18.83,22.92,17.72,18.84,7.51,0.0,0.9537,-0.3008
2025-04-20,14.79,38.0,13.07,69.33,0.0,7.97,17.9,1006.0,0,True,4,2025,24,16.63,15.13,16.58,16.86,17.94,9.48,1.1,0.9484,-0.3172
2025-04-21,13.25,28.0,13.9,76.25,0.2,8.46,17.2,1012.58,1,False,4,2025,24,14.79,16.63,19.96,15.52,17.68,7.97,0.0,0.9428,-0.3335
2025-04-22,31.21,66.0,15.25,78.83,0.0,5.9,14.3,1015.08,2,False,4,2025,24,13.25,14.79,19.25,14.89,16.73,8.46,0.2,0.9369,-0.3496
2025-04-23,22.33,31.0,15.22,78.0,0.0,7.95,18.6,1016.95,3,False,4,2025,24,31.21,13.25,19.2,19.75,18.43,5.9,0.0,0.9307,-0.3657
2025-04-24,29.58,63.0,14.98,80.67,0.2,7.09,14.3,1015.66,4,False,4,2025,24,22.33,31.21,18.83,22.26,18.88,7.95,0.0,0.9243,-0.3817
2025-04-25,33.17,82.0,15.61,81.54,0.0,6.22,14.8,1013.09,5,False,4,2025,24,29.58,22.33,15.13,27.71,20.42,7.09,0.2,0.9176,-0.3975
2025-04-26,23.79,46.0,15.72,78.5,8.6,6.45,14.8,1011.99,6,True,4,2025,24,33.17,29.58,16.63,28.36,22.99,6.22,0.0,0.9106,-0.4133
2025-04-27,18.88,56.0,14.91,83.33,7.7,5.1,10.9,1016.75,0,True,4,2025,24,23.79,33.17,14.79,28.85,24.02,6.45,8.6,0.9034,-0.4289
2025-04-29,22.92,45.0,15.6,79.79,0.0,6.74,11.8,1018.4,2,False,4,2025,24,18.88,23.79,13.25,25.28,24.6,5.1,7.7,0.8881,-0.4597
2025-04-30,20.5,39.0,16.7,69.83,0.0,10.85,15.7,1017.19,3,False,4,2025,24,22.92,18.88,31.21,21.86,25.98,6.74,0.0,0.88,-0.475
2025-05-01,15.21,22.0,17.85,60.25,0.6,12.02,20.6,1016.0,4,False,5,2025,24,20.5,22.92,22.33,20.77,24.45,10.85,0.0,0.8717,-0.49
2025-05-02,26.71,76.0,17.72,65.88,12.0,13.1,19.5,1014.62,5,False,5,2025,24,15.21,20.5,29.58,19.54,23.44,12.02,0.6,0.8631,-0.505
2025-05-03,19.29,51.0,18.91,75.29,0.2,7.01,14.0,1011.0,6,True,5,2025,24,26.71,15.21,33.17,20.81,23.03,13.1,12.0,0.8543,-0.5197
2025-05-04,16.88,46.0,18.47,83.38,3.6,7.09,15.0,1005.63,0,True,5,2025,24,19.29,26.71,23.79,20.4,21.04,7.01,0.2,0.8452,-0.5344
2025-05-05,24.58,72.0,15.81,84.29,7.7,4.48,10.1,1004.36,1,False,5,2025,24,16.88,19.29,18.88,20.96,20.06,7.09,3.6,0.8359,-0.5488
2025-05-06,20.14,40.0,13.39,84.41,19.9,8.56,19.1,1009.26,2,False,5,2025,22,24.58,16.88,22.92,20.25,20.87,4.48,7.7,0.8264,-0.5632
2025-05-07,21.71,39.0,13.55,80.38,1.1,6.46,15.7,1011.87,3,False,5,2025,24,20.14,24.58,20.5,20.53,20.47,8.56,19.9,0.8165,-0.5773
2025-05-08,30.58,64.0,14.86,74.96,0.0,6.25,13.5,1009.53,4,False,5,2025,24,21.71,20.14,15.21,22.14,20.65,6.46,1.1,0.8065,-0.5913
2025-05-09,20.13,51.0,15.26,87.79,6.0,5.4,12.0,1009.58,5,False,5,2025,24,30.58,21.71,26.71,24.14,22.84,6.25,0.0,0.7962,-0.6051
2025-05-10,12.33,19.0,16.22,88.67,4.7,9.0,18.0,1011.2,6,True,5,2025,24,20.13,30.58,19.29,24.14,21.9,5.4,6.0,0.7856,-0.6187
2025-05-11,12.75,20.0,17.42,84.17,2.4,7.22,15.3,1008.13,0,True,5,2025,24,12.33,20.13,16.88,21.01,20.91,9.0,4.7,0.7749,-0.6321
2025-05-12,27.58,50.0,15.6,81.29,7.8,5.5,11.8,1010.66,1,False,5,2025,24,12.75,12.33,24.58,15.07,20.32,7.22,2.4,0.7639,-0.6453
2025-05-13,28.96,76.0,16.15,82.67,0.4,5.06,12.4,1011.24,2,False,5,2025,24,27.58,12.75,20.14,17.55,20.75,5.5,7.8,0.7527,-0.6584
2025-05-14,17.79,39.0,16.41,84.33,0.2,6.64,14.8,1012.05,3,False,5,2025,24,28.96,27.58,21.71,23.1,22.01,5.06,0.4,0.7412,-0.6713
2025-05-15,27.13,51.0,17.27,76.88,2.7,5.18,10.6,1010.3,4,False,5,2025,24,17.79,28.96,30.58,24.78,21.45,6.64,0.2,0.7296,-0.6839
2025-05-16,17.75,36.0,17.64,72.92,0.0,10.18,18.7,1010.36,5,False,5,2025,24,27.13,17.79,20.13,24.63,20.95,5.18,2.7,0.7177,-0.6964
2025-05-17,17.79,47.0,17.92,72.54,0.0,7.35,16.6,1013.09,6,True,5,2025,24,17.75,27.13,12.33,20.89,20.61,10.18,0.0,0.7056,-0.7086
2025-05-18,14.79,34.0,18.59,71.42,0.0,8.44,19.2,1012.98,0,True,5,2025,24,17.79,17.75,12.75,20.89,21.39,7.35,0.0,0.6933,-0.7207
2025-05-19,40.0,90.0,18.9,68.63,0.0,7.29,13.2,1010.87,1,False,5,2025,24,14.79,17.79,27.58,16.78,21.68,8.44,0.0,0.6808,-0.7325
2025-05-20,20.67,48.0,18.68,66.04,0.0,8.34,16.7,1012.62,2,False,5,2025,24,40.0,14.79,28.96,24.19,23.46,7.29,0.0,0.6681,-0.7441
2025-05-24,23.46,37.0,17.83,74.0,0.1,8.35,17.2,1015.88,6,True,5,2025,24,20.67,40.0,17.79,25.15,22.27,8.34,0.0,0.6153,-0.7883
2025-05-25,16.79,38.0,18.85,76.25,0.0,5.97,13.0,1016.53,0,True,5,2025,24,23.46,20.67,27.13,28.04,23.08,8.35,0.1,0.6016,-0.7988
2025-05-26,30.75,52.0,19.22,81.29,0.1,7.4,16.9,1017.69,1,False,5,2025,24,16.79,23.46,17.75,20.31,21.61,5.97,0.0,0.5878,-0.809
2025-05-27,21.46,33.0,19.23,80.13,0.2,7.33,17.1,1019.15,2,False,5,2025,24,30.75,16.79,17.79,23.67,23.46,7.4,0.1,0.5738,-0.819
2025-05-28,29.38,48.0,20.73,73.92,0.0,6.37,13.3,1019.82,3,False,5,2025,24,21.46,30.75,14.79,23.0,23.99,7.33,0.2,0.5596,-0.8288
2025-05-29,37.71,57.0,21.66,70.17,0.0,6.06,13.2,1019.53,4,False,5,2025,24,29.38,21.46,40.0,27.2,26.07,6.37,0.0,0.5452,-0.8383
2025-05-30,46.83,109.0,23.58,58.42,0.0,7.19,15.1,1017.6,5,False,5,2025,24,37.71,29.38,20.67,29.52,25.75,6.06,0.0,0.5307,-0.8475
2025-05-31,36.33,75.0,22.96,63.38,0.0,6.45,10.3,1017.03,6,True,5,2025,24,46.83,37.71,23.46,37.97,29.48,7.19,0.0,0.5161,-0.8566
2025-06-01,23.83,83.0,23.98,62.46,0.0,8.98,16.4,1014.98,0,True,6,2025,24,36.33,46.83,16.79,40.29,31.32,6.45,0.0,0.5012,-0.8653
2025-06-02,19.88,33.0,23.0,67.29,0.0,10.05,20.6,1014.51,1,False,6,2025,24,23.83,36.33,30.75,35.66,32.33,8.98,0.0,0.4863,-0.8738
2025-06-03,20.58,54.0,22.27,65.0,0.0,10.29,20.9,1010.43,2,False,6,2025,24,19.88,23.83,21.46,26.68,30.77,10.05,0.0,0.4712,-0.882
2025-06-04,18.71,30.0,23.1,69.25,0.1,8.95,21.5,1009.67,3,False,6,2025,24,20.58,19.88,29.38,21.43,30.65,10.29,0.0,0.4559,-0.89
2025-06-05,17.56,29.0,21.22,79.11,0.0,7.51,15.3,1013.15,4,False,6,2025,18,18.71,20.58,37.71,19.72,29.12,8.95,0.1,0.4405,-0.8977
2025-06-06,31.42,53.0,22.53,77.67,0.0,7.28,13.3,1014.03,5,False,6,2025,24,17.56,18.71,46.83,18.95,26.25,7.51,0.0,0.425,-0.9052
2025-06-07,28.29,75.0,22.08,76.0,0.1,7.15,13.8,1013.09,6,True,6,2025,24,31.42,17.56,36.33,22.56,24.04,7.28,0.0,0.4094,-0.9124
2025-06-08,14.75,25.0,22.09,73.96,0.0,8.01,18.7,1016.93,0,True,6,2025,24,28.29,31.42,23.83,25.76,22.9,7.15,0.1,0.3936,-0.9193
2025-06-09,13.92,24.0,22.44,70.96,0.0,8.31,18.8,1017.71,1,False,6,2025,24,14.75,28.29,19.88,24.82,21.6,8.01,0.0,0.3777,-0.9259
2025-06-10,25.88,39.0,24.78,68.96,0.0,7.5,14.6,1015.95,2,False,6,2025,24,13.92,14.75,20.58,18.99,20.75,8.31,0.0,0.3617,-0.9323
2025-06-11,41.08,80.0,26.94,57.17,0.0,8.58,18.3,1011.92,3,False,6,2025,24,25.88,13.92,18.71,18.18,21.5,7.5,0.0,0.3456,-0.9384
2025-06-12,25.38,72.0,24.75,64.83,0.0,8.19,14.8,1011.5,4,False,6,2025,24,41.08,25.88,17.56,26.96,24.7,8.58,0.0,0.3294,-0.9442
2025-06-13,20.75,37.0,24.42,72.88,0.0,9.04,14.3,1014.85,5,False,6,2025,24,25.38,41.08,31.42,30.78,25.82,8.19,0.0,0.3131,-0.9497
2025-06-14,20.96,45.0,25.2,67.79,0.0,6.64,11.3,1015.73,6,True,6,2025,24,20.75,25.38,28.29,29.07,24.29,9.04,0.0,0.2967,-0.955
2025-06-15,14.21,33.0,25.18,68.83,0.0,8.7,16.5,1016.69,0,True,6,2025,24,20.96,20.75,14.75,22.36,23.25,6.64,0.0,0.2802,-0.9599
2025-06-16,26.63,39.0,24.07,71.88,0.0,9.35,19.1,1018.02,1,False,6,2025,24,14.21,20.96,13.92,18.64,23.17,8.7,0.0,0.2637,-0.9646
2025-06-17,37.67,120.0,24.66,64.83,0.0,6.05,13.5,1017.38,2,False,6,2025,24,26.63,14.21,25.88,20.6,24.98,9.35,0.0,0.247,-0.969
2025-06-18,32.75,73.0,25.17,61.75,0.0,6.45,13.9,1017.62,3,False,6,2025,24,37.67,26.63,41.08,26.17,26.67,6.05,0.0,0.2303,-0.9731
2025-06-19,40.42,98.0,26.01,56.46,0.0,8.0,15.6,1016.32,4,False,6,2025,24,32.75,37.67,25.38,32.35,25.48,6.45,0.0,0.2135,-0.9769
2025-06-20,29.58,49.0,27.21,56.92,0.0,8.95,16.9,1015.89,5,False,6,2025,24,40.42,32.75,20.75,36.95,27.63,8.0,0.0,0.1967,-0.9805
2025-06-21,22.5,43.0,27.87,55.88,0.0,9.8,17.4,1014.62,6,True,6,2025,24,29.58,40.42,20.96,34.25,28.89,8.95,0.0,0.1798,-0.9837
2025-06-22,20.17,40.0,27.73,56.08,0.0,9.24,17.0,1015.37,0,True,6,2025,24,22.5,29.58,14.21,30.83,29.11,9.8,0.0,0.1628,-0.9867
2025-06-23,24.58,46.0,27.62,55.5,0.0,8.61,16.5,1015.15,1,False,6,2025,24,20.17,22.5,26.63,24.08,29.96,9.24,0.0,0.1458,-0.9893
2025-06-24,30.92,66.0,28.38,49.83,0.0,7.8,18.6,1013.39,2,False,6,2025,24,24.58,20.17,37.67,22.42,29.67,8.61,0.0,0.1287,-0.9917
2025-06-25,37.56,75.0,26.7,55.11,0.0,7.39,14.1,1010.98,3,False,6,2025,18,30.92,24.58,32.75,25.22,28.7,7.8,0.0,0.1117,-0.9937
2025-06-26,34.21,111.0,27.39,59.38,0.1,9.23,15.8,1014.02,4,False,6,2025,24,37.56,30.92,40.42,31.02,29.39,7.39,0.0,0.0945,-0.9955
2025-06-27,23.38,42.0,27.52,58.0,0.0,8.77,19.1,1018.51,5,False,6,2025,24,34.21,37.56,29.58,34.23,28.5,9.23,0.1,0.0774,-0.997
2025-06-28,27.25,96.0,28.28,60.83,0.0,7.36,13.0,1018.99,6,True,6,2025,24,23.38,34.21,22.5,31.72,27.62,8.77,0.0,0.0602,-0.9982
2025-06-29,47.67,74.0,29.08,54.21,0.0,7.18,13.0,1016.75,0,True,6,2025,24,27.25,23.38,20.17,28.28,28.3,7.36,0.0,0.043,-0.9991
2025-06-30,50.13,115.0,30.11,46.75,0.0,7.4,13.1,1013.28,1,False,6,2025,24,47.67,27.25,24.58,32.77,32.22,7.18,0.0,0.0258,-0.9997
2025-07-01,35.5,75.0,29.42,52.88,0.0,6.04,11.6,1012.14,2,False,7,2025,24,50.13,47.67,30.92,41.68,35.87,7.4,0.0,0.0086,-1.0
2025-07-02,40.29,106.0,27.92,63.0,0.0,6.37,13.6,1012.4,3,False,7,2025,24,35.5,50.13,37.56,44.43,36.53,6.04,0.0,-0.0086,-1.0
2025-07-03,25.04,46.0,29.02,66.5,0.5,7.52,16.4,1016.38,4,False,7,2025,24,40.29,35.5,34.21,41.97,36.92,6.37,0.0,-0.0258,-0.9997
2025-07-04,30.88,61.0,28.47,62.29,0.0,8.31,16.0,1017.41,5,False,7,2025,24,25.04,40.29,23.38,33.61,35.61,7.52,0.5,-0.043,-0.9991
2025-07-05,29.13,61.0,28.55,60.5,2.6,6.55,13.4,1014.51,6,True,7,2025,24,30.88,25.04,27.25,32.07,36.68,8.31,0.0,-0.0602,-0.9982
2025-07-06,31.63,63.0,26.63,72.88,2.8,7.58,16.5,1010.84,0,True,7,2025,24,29.13,30.88,47.67,28.35,36.95,6.55,2.6,-0.0774,-0.997
2025-07-07,20.63,46.0,24.37,72.79,5.9,11.04,19.8,1009.03,1,False,7,2025,24,31.63,29.13,50.13,30.55,34.66,7.58,2.8,-0.0945,-0.9955
2025-07-09,21.68,40.0,24.37,69.95,0.0,7.81,16.5,1015.49,3,False,7,2025,22,20.63,31.63,35.5,27.13,30.44,11.04,5.9,-0.1287,-0.9917
2025-07-10,18.71,50.0,24.99,70.79,0.5,7.62,14.7,1014.49,4,False,7,2025,24,21.68,20.63,40.29,24.65,28.47,7.81,0.0,-0.1458,-0.9893
2025-07-11,27.58,55.0,25.63,74.75,2.3,7.86,15.5,1011.12,5,False,7,2025,24,18.71,21.68,25.04,20.34,25.39,7.62,0.5,-0.1628,-0.9867
2025-07-12,18.29,46.0,22.53,88.21,31.1,9.15,18.9,1008.57,6,True,7,2025,24,27.58,18.71,30.88,22.66,25.75,7.86,2.3,-0.1798,-0.9837
2025-07-13,15.83,55.0,22.68,76.71,0.0,6.27,15.1,1010.92,0,True,7,2025,24,18.29,27.58,29.13,21.53,23.95,9.15,31.1,-0.1967,-0.9805
2025-07-14,24.89,43.0,23.89,80.44,0.0,6.29,15.0,1016.12,1,False,7,2025,18,15.83,18.29,31.63,20.57,22.05,6.27,0.0,-0.2135,-0.9769
2025-07-16,21.58,35.0,26.64,72.42,0.0,7.32,19.3,1015.26,3,False,7,2025,24,24.89,15.83,20.63,19.67,21.09,6.29,0.0,-0.247,-0.969
2025-07-17,29.38,56.0,27.39,70.33,0.0,7.89,16.2,1012.35,4,False,7,2025,24,21.58,24.89,21.68,20.77,21.22,7.32,0.0,-0.2637,-0.9646
2025-07-18,25.58,56.0,27.27,74.17,0.0,7.8,14.2,1008.42,5,False,7,2025,24,29.38,21.58,18.71,25.28,22.32,7.89,0.0,-0.2802,-0.9599
2025-07-19,15.96,29.0,26.85,71.71,0.2,8.66,17.0,1005.78,6,True,7,2025,24,25.58,29.38,27.58,25.51,23.3,7.8,0.0,-0.2967,-0.955
2025-07-20,14.04,30.0,27.28,70.17,0.6,10.13,19.3,1004.35,0,True,7,2025,24,15.96,25.58,18.29,23.64,21.64,8.66,0.2,-0.3131,-0.9497
2025-07-21,13.92,24.0,25.7,63.38,0.1,9.93,16.0,1007.62,1,False,7,2025,24,14.04,15.96,15.83,18.53,21.04,10.13,0.6,-0.3294,-0.9442
2025-07-23,21.53,49.0,24.49,79.68,22.3,5.05,11.2,1011.15,3,False,7,2025,19,13.92,14.04,24.89,14.64,20.76,9.93,0.1,-0.3617,-0.9323
2025-07-24,29.0,57.0,21.32,83.0,32.4,6.04,12.3,1011.56,4,False,7,2025,24,21.53,13.92,21.58,16.5,20.28,5.05,22.3,-0.3777,-0.9259
2025-07-25,26.83,59.0,21.97,75.54,2.0,7.74,18.4,1012.88,5,False,7,2025,24,29.0,21.53,29.38,21.48,21.34,6.04,32.4,-0.3936,-0.9193
2025-07-26,17.63,37.0,22.44,76.83,9.1,6.25,15.3,1014.16,6,True,7,2025,24,26.83,29.0,25.58,25.79,20.98,7.74,2.0,-0.4094,-0.9124
2025-07-27,16.38,40.0,23.35,77.75,0.0,6.94,16.5,1013.53,0,True,7,2025,24,17.63,26.83,15.96,24.49,19.84,6.25,9.1,-0.425,-0.9052
2025-07-28,19.92,33.0,23.45,77.75,1.2,6.88,14.2,1012.15,1,False,7,2025,24,16.38,17.63,14.04,20.28,19.9,6.94,0.0,-0.4405,-0.8977
2025-07-30,24.85,45.0,23.52,71.15,1.5,8.13,16.5,1015.7,3,False,7,2025,20,19.92,16.38,13.92,17.98,20.74,6.88,1.2,-0.4712,-0.882
2025-08-01,18.42,54.0,24.23,75.33,0.4,7.49,16.8,1012.46,5,False,8,2025,24,24.85,19.92,21.53,20.38,22.31,8.13,1.5,-0.5012,-0.8653
2025-08-02,18.58,34.0,24.2,78.92,1.6,6.41,12.9,1011.6,6,True,8,2025,24,18.42,24.85,29.0,21.06,21.86,7.49,0.4,-0.5161,-0.8566
2025-08-03,13.08,24.0,23.75,72.75,0.6,7.28,17.3,1015.15,0,True,8,2025,24,18.58,18.42,26.83,20.62,20.37,6.41,1.6,-0.5307,-0.8475
2025-08-04,13.79,25.0,25.08,72.71,0.1,9.16,20.5,1017.5,1,False,8,2025,24,13.08,18.58,17.63,16.69,18.41,7.28,0.6,-0.5452,-0.8383
2025-08-06,31.25,73.0,25.06,71.71,0.0,8.04,14.3,1016.15,3,False,8,2025,24,13.79,13.08,16.38,15.15,17.86,9.16,0.1,-0.5738,-0.819
2025-08-07,27.88,65.0,25.12,77.08,0.0,5.88,12.2,1015.17,4,False,8,2025,24,31.25,13.79,19.92,19.37,19.98,8.04,0.0,-0.5878,-0.809
2025-08-08,34.75,61.0,25.13,79.58,0.0,5.34,11.8,1016.1,5,False,8,2025,24,27.88,31.25,24.85,24.31,21.12,5.88,0.0,-0.6016,-0.7988
2025-08-09,27.54,49.0,25.69,75.17,0.0,5.76,12.1,1016.65,6,True,8,2025,24,34.75,27.88,18.42,31.29,22.54,5.34,0.0,-0.6153,-0.7883
2025-08-10,29.38,154.0,27.93,72.13,0.0,5.23,13.3,1016.52,0,True,8,2025,24,27.54,34.75,18.58,30.06,23.84,5.76,0.0,-0.6288,-0.7776
2025-08-11,58.79,93.0,28.64,64.46,0.0,6.13,11.1,1013.53,1,False,8,2025,24,29.38,27.54,13.08,30.56,25.38,5.23,0.0,-0.6421,-0.7667
2025-08-12,45.0,114.0,28.2,70.33,0.0,5.69,10.2,1012.76,2,False,8,2025,24,58.79,29.38,13.79,38.57,31.91,6.13,0.0,-0.6552,-0.7555
2025-08-13,25.3,61.0,28.01,73.8,0.0,5.73,13.2,1012.27,3,False,8,2025,20,45.0,58.79,31.25,44.39,36.37,5.69,0.0,-0.6681,-0.7441
2025-08-14,27.58,38.0,29.36,58.5,0.0,6.71,14.3,1013.16,4,False,8,2025,24,25.3,45.0,27.88,43.03,35.52,5.73,0.0,-0.6808,-0.7325
2025-08-15,38.63,58.0,28.35,55.29,0.0,5.3,13.2,1015.07,5,False,8,2025,24,27.58,25.3,34.75,32.63,35.48,6.71,0.0,-0.6933,-0.7207
2025-08-16,29.5,81.0,29.79,50.63,0.0,7.8,16.0,1013.59,6,True,8,2025,24,38.63,27.58,27.54,30.5,36.03,5.3,0.0,-0.7056,-0.7086
2025-08-17,32.38,72.0,28.76,54.63,0.0,7.95,14.7,1010.58,0,True,8,2025,24,29.5,38.63,29.38,31.9,36.31,7.8,0.0,-0.7177,-0.6964
2025-08-18,20.54,38.0,28.01,60.42,0.0,6.17,13.9,1010.5,1,False,8,2025,24,32.38,29.5,58.79,33.5,36.74,7.95,0.0,-0.7296,-0.6839
2025-08-19,21.96,53.0,27.06,64.17,0.2,6.74,11.6,1009.35,2,False,8,2025,24,20.54,32.38,45.0,27.47,31.28,6.17,0.0,-0.7412,-0.6713
2025-08-20,18.29,35.0,24.2,72.33,18.1,8.0,13.7,1006.89,3,False,8,2025,24,21.96,20.54,25.3,24.96,27.98,6.74,0.2,-0.7527,-0.6584
2025-08-21,14.38,22.0,22.11,75.96,0.1,7.31,17.4,1008.05,4,False,8,2025,24,18.29,21.96,27.58,20.26,26.98,8.0,18.1,-0.7639,-0.6453
2025-08-22,20.92,42.0,23.1,77.29,1.9,6.67,13.3,1012.24,5,False,8,2025,24,14.38,18.29,38.63,18.21,25.1,7.31,0.1,-0.7749,-0.6321
2025-08-23,14.33,27.0,23.66,77.21,0.6,6.87,15.4,1012.83,6,True,8,2025,24,20.92,14.38,29.5,17.86,22.57,6.67,1.9,-0.7856,-0.6187
2025-08-24,16.13,35.0,24.14,79.79,0.7,6.43,12.6,1012.35,0,True,8,2025,24,14.33,20.92,32.38,16.54,20.4,6.87,0.6,-0.7962,-0.6051
2025-08-25,25.5,57.0,24.68,82.92,1.4,5.91,11.4,1013.33,1,False,8,2025,24,16.13,14.33,20.54,17.13,18.08,6.43,0.7,-0.8065,-0.5913
2025-08-26,31.83,61.0,25.32,77.17,0.0,6.08,12.9,1010.41,2,False,8,2025,24,25.5,16.13,21.96,18.65,18.79,5.91,1.4,-0.8165,-0.5773
2025-08-27,20.96,37.0,25.6,75.25,0.4,10.38,19.3,1006.54,3,False,8,2025,24,31.83,25.5,18.29,24.49,20.2,6.08,0.0,-0.8264,-0.5632
2025-08-28,25.58,56.0,23.35,82.67,7.2,4.4,10.8,1004.69,4,False,8,2025,24,20.96,31.83,14.38,26.1,20.58,10.38,0.4,-0.8359,-0.5488
2025-08-29,18.67,28.0,23.16,62.92,1.4,10.01,15.5,1007.5,5,False,8,2025,24,25.58,20.96,20.92,26.12,22.18,4.4,7.2,-0.8452,-0.5344
2025-08-30,17.04,47.0,22.14,70.92,0.0,8.1,16.8,1010.84,6,True,8,2025,24,18.67,25.58,14.33,21.74,21.86,10.01,1.4,-0.8543,-0.5197
2025-08-31,14.96,26.0,24.5,73.88,0.5,9.05,17.9,1009.08,0,True,8,2025,24,17.04,18.67,16.13,20.43,22.24,8.1,0.0,-0.8631,-0.505
2025-09-01,22.75,43.0,23.1,74.58,10.8,7.79,16.6,1007.11,1,False,9,2025,24,14.96,17.04,25.5,16.89,22.08,9.05,0.5,-0.8717,-0.49
2025-09-02,17.25,33.0,21.95,65.38,0.0,10.04,20.2,1012.37,2,False,9,2025,24,22.75,14.96,31.83,18.25,21.68,7.79,10.8,-0.88,-0.475
2025-09-03,24.37,56.0,21.33,74.47,0.0,8.99,21.8,1012.55,3,False,9,2025,19,17.25,22.75,20.96,18.32,19.6,10.04,0.0,-0.8881,-0.4597
2025-09-04,22.92,65.0,23.75,78.17,0.2,8.63,19.4,1011.55,4,False,9,2025,24,24.37,17.25,25.58,21.46,20.09,8.99,0.0,-0.8958,-0.4444
2025-09-05,16.21,34.0,22.93,71.79,0.1,7.55,18.1,1017.39,5,False,9,2025,24,22.92,24.37,18.67,21.51,19.71,8.63,0.2,-0.9034,-0.4289
2025-09-06,21.25,39.0,22.44,70.0,0.0,6.6,12.7,1016.2,6,True,9,2025,24,16.21,22.92,17.04,21.17,19.36,7.55,0.1,-0.9106,-0.4133
2025-09-07,16.67,49.0,24.5,73.29,0.0,7.28,11.9,1013.03,0,True,9,2025,24,21.25,16.21,14.96,20.13,19.96,6.6,0.0,-0.9176,-0.3975
2025-09-08,17.29,30.0,24.49,79.79,0.4,9.15,13.1,1012.3,1,False,9,2025,24,16.67,21.25,22.75,18.04,20.2,7.28,0.0,-0.9243,-0.3817
2025-09-09,21.46,42.0,21.78,83.75,26.9,6.51,16.5,1010.93,2,False,9,2025,24,17.29,16.67,17.25,18.4,19.42,9.15,0.4,-0.9307,-0.3657
2025-09-10,23.46,37.0,22.65,66.13,0.1,9.03,17.3,1008.89,3,False,9,2025,24,21.46,17.29,24.37,18.47,20.02,6.51,26.9,-0.9369,-0.3496
2025-09-11,12.33,18.0,21.29,75.96,8.8,10.73,21.9,1014.0,4,False,9,2025,24,23.46,21.46,22.92,20.74,19.89,9.03,0.1,-0.9428,-0.3335
2025-09-12,20.17,50.0,21.25,81.83,1.6,8.73,14.8,1017.71,5,False,9,2025,24,12.33,23.46,16.21,19.08,18.38,10.73,8.8,-0.9484,-0.3172
2025-09-13,26.92,58.0,21.29,88.21,99.4,5.43,14.4,1015.6,6,True,9,2025,24,20.17,12.33,21.25,18.65,18.95,8.73,1.6,-0.9537,-0.3008
2025-09-14,27.79,56.0,22.4,84.04,0.0,5.8,11.8,1017.58,0,True,9,2025,24,26.92,20.17,16.67,19.81,19.76,5.43,99.4,-0.9587,-0.2844
2025-09-15,27.63,44.0,23.33,84.75,0.0,7.18,15.1,1017.89,1,False,9,2025,24,27.79,26.92,17.29,24.96,21.35,5.8,0.0,-0.9635,-0.2678
2025-09-16,25.57,39.0,23.08,83.39,0.4,5.6,11.9,1019.77,2,False,9,2025,23,27.63,27.79,21.46,27.45,22.82,7.18,0.0,-0.9679,-0.2512
2025-09-17,30.42,67.0,23.71,82.75,0.0,5.58,13.4,1019.52,3,False,9,2025,24,25.57,27.63,23.46,27.0,23.41,5.6,0.4,-0.9721,-0.2345
2025-09-18,40.25,73.0,23.34,87.29,0.0,5.58,9.6,1020.41,4,False,9,2025,24,30.42,25.57,12.33,27.87,24.4,5.58,0.0,-0.976,-0.2177
2025-09-19,24.71,60.0,23.43,80.88,0.0,5.59,12.2,1021.35,5,False,9,2025,24,40.25,30.42,20.17,32.08,28.39,5.58,0.0,-0.9796,-0.2009
2025-09-20,20.95,34.0,23.91,79.18,0.9,7.9,14.9,1017.38,6,True,9,2025,22,24.71,40.25,26.92,31.79,29.04,5.59,0.0,-0.9829,-0.184
2025-09-21,27.71,73.0,22.44,84.29,35.6,7.23,14.8,1010.9,0,True,9,2025,24,20.95,24.71,27.79,28.64,28.19,7.9,0.9,-0.9859,-0.1671
2025-09-22,20.65,42.0,19.04,72.7,10.9,7.06,11.9,1010.89,1,False,9,2025,23,27.71,20.95,27.63,24.46,28.18,7.23,35.6,-0.9887,-0.1501
2025-09-23,20.96,35.0,16.95,69.25,7.8,8.63,14.8,1013.68,2,False,9,2025,24,20.65,27.71,25.57,23.1,27.18,7.06,10.9,-0.9911,-0.133
2025-09-24,16.92,44.0,16.54,75.08,2.3,7.61,17.4,1015.72,3,False,9,2025,24,20.96,20.65,30.42,23.11,26.52,8.63,7.8,-0.9933,-0.1159
2025-09-25,24.54,44.0,17.8,74.08,0.5,7.98,14.7,1015.98,4,False,9,2025,24,16.92,20.96,40.25,19.51,24.59,7.61,2.3,-0.9951,-0.0988
2025-09-26,25.33,62.0,17.71,77.75,2.6,6.51,14.9,1016.06,5,False,9,2025,24,24.54,16.92,24.71,20.81,22.35,7.98,0.5,-0.9967,-0.0817
2025-09-27,18.46,29.0,18.84,79.21,0.0,6.01,12.2,1015.97,6,True,9,2025,24,25.33,24.54,20.95,22.26,22.44,6.51,2.6,-0.9979,-0.0645
2025-09-28,17.33,25.0,19.86,84.96,0.3,10.33,16.3,1014.16,0,True,9,2025,24,18.46,25.33,27.71,22.78,22.08,6.01,0.0,-0.9989,-0.0473
2025-09-29,24.21,48.0,19.3,79.04,0.3,8.07,14.4,1015.72,1,False,9,2025,24,17.33,18.46,20.65,20.37,20.6,10.33,0.3,-0.9995,-0.0301
2025-09-30,32.42,69.0,18.95,82.21,0.0,4.95,11.9,1016.95,2,False,9,2025,24,24.21,17.33,20.96,20.0,21.11,8.07,0.3,-0.9999,-0.0129
2025-10-01,34.73,61.0,19.24,82.05,0.3,5.35,14.2,1017.69,3,False,10,2025,22,32.42,24.21,16.92,24.65,22.74,4.95,0.0,-1.0,0.0043
2025-10-02,31.46,62.0,19.27,76.58,1.3,5.84,11.6,1019.19,4,False,10,2025,24,34.73,32.42,24.54,30.45,25.29,5.35,0.3,-0.9998,0.0215
2025-10-03,33.08,70.0,19.23,83.46,0.1,4.77,8.7,1017.94,5,False,10,2025,24,31.46,34.73,25.33,32.87,26.28,5.84,1.3,-0.9993,0.0387
2025-10-04,25.71,49.0,20.41,82.96,0.0,5.16,13.5,1014.83,6,True,10,2025,24,33.08,31.46,18.46,33.09,27.38,4.77,0.1,-0.9984,0.0559
2025-10-05,16.25,48.0,19.28,76.29,6.2,8.63,24.6,1016.15,0,True,10,2025,24,25.71,33.08,17.33,30.08,28.42,5.16,0.0,-0.9973,0.0731
2025-10-06,22.29,36.0,17.9,70.67,0.4,8.01,14.9,1021.19,1,False,10,2025,24,16.25,25.71,24.21,25.01,28.27,8.63,6.2,-0.9959,0.0903
2025-10-07,40.08,65.0,17.68,78.08,0.0,6.38,9.9,1019.53,2,False,10,2025,24,22.29,16.25,32.42,21.42,27.99,8.01,0.4,-0.9942,0.1074
2025-10-08,30.75,56.0,19.04,85.25,0.0,5.13,9.2,1017.35,3,False,10,2025,24,40.08,22.29,34.73,26.21,29.09,6.38,0.0,-0.9922,0.1245
2025-10-09,42.42,62.0,18.63,87.88,7.0,3.44,7.5,1017.79,4,False,10,2025,24,30.75,40.08,31.46,31.04,28.52,5.13,0.0,-0.9899,0.1415
2025-10-10,29.42,54.0,19.23,73.42,0.1,8.48,20.0,1021.39,5,False,10,2025,24,42.42,30.75,33.08,37.75,30.08,3.44,7.0,-0.9873,0.1586
2025-10-11,17.0,31.0,20.25,64.42,0.0,13.52,19.3,1022.06,6,True,10,2025,24,29.42,42.42,25.71,34.2,29.56,8.48,0.1,-0.9845,0.1755
2025-10-12,14.08,21.0,19.37,76.92,1.0,11.7,18.5,1019.71,0,True,10,2025,24,17.0,29.42,16.25,29.61,28.32,13.52,0.0,-0.9813,0.1925
2025-10-13,24.92,67.0,18.97,88.04,6.4,6.74,14.6,1016.52,1,False,10,2025,24,14.08,17.0,22.29,20.17,28.01,11.7,1.0,-0.9778,0.2093
2025-10-14,28.72,56.0,17.94,91.94,12.6,6.05,11.2,1015.34,2,False,10,2025,18,24.92,14.08,40.08,18.67,28.38,6.74,6.4,-0.9741,0.2261
2025-10-15,37.88,75.0,17.92,85.21,0.4,4.67,9.0,1016.12,3,False,10,2025,24,28.72,24.92,30.75,22.57,26.76,6.05,12.6,-0.9701,0.2428
2025-10-16,37.17,60.0,17.33,85.54,0.0,4.63,8.8,1015.68,4,False,10,2025,24,37.88,28.72,42.42,30.51,27.78,4.67,0.4,-0.9657,0.2595
2025-10-17,48.63,81.0,17.02,89.38,2.2,3.45,7.5,1015.24,5,False,10,2025,24,37.17,37.88,29.42,34.59,27.03,4.63,0.0,-0.9611,0.2761
2025-10-18,40.21,74.0,17.4,89.0,1.7,4.13,8.2,1017.06,6,True,10,2025,24,48.63,37.17,17.0,41.23,29.77,3.45,2.2,-0.9562,0.2926
2025-10-19,28.92,61.0,18.21,83.46,0.4,8.97,19.9,1014.88,0,True,10,2025,24,40.21,48.63,14.08,42.0,33.09,4.13,1.7,-0.9511,0.309
2025-10-20,22.79,71.0,20.73,74.13,10.2,11.44,20.1,1006.0,1,False,10,2025,24,28.92,40.21,24.92,39.25,35.21,8.97,0.4,-0.9456,0.3253
2025-10-21,31.33,65.0,19.14,71.96,0.0,7.53,15.7,1004.81,2,False,10,2025,24,22.79,28.92,28.72,30.64,34.9,11.44,10.2,-0.9399,0.3416
2025-10-22,30.75,53.0,21.21,65.92,0.0,8.0,13.7,1005.16,3,False,10,2025,24,31.33,22.79,37.88,27.68,35.28,7.53,0.0,-0.9338,0.3577
2025-10-23,18.5,43.0,22.28,42.42,0.0,20.74,32.9,1004.43,4,False,10,2025,24,30.75,31.33,37.17,28.29,34.26,8.0,0.0,-0.9275,0.3737
2025-10-24,24.54,57.0,17.14,41.25,0.0,9.4,13.0,1011.89,5,False,10,2025,24,18.5,30.75,48.63,26.86,31.59,20.74,0.0,-0.921,0.3896
2025-10-25,27.67,56.0,17.81,67.58,3.4,6.25,13.1,1009.31,6,True,10,2025,24,24.54,18.5,40.21,24.6,28.15,9.4,0.0,-0.9141,0.4054
2025-10-26,23.75,64.0,16.34,78.04,2.1,5.64,12.3,1012.17,0,True,10,2025,24,27.67,24.54,28.92,23.57,26.36,6.25,3.4,-0.907,0.4211
2025-10-27,25.33,64.0,14.08,66.0,0.0,7.08,12.0,1016.66,1,False,10,2025,24,23.75,27.67,22.79,25.32,25.62,5.64,2.1,-0.8996,0.4367
2025-10-28,48.63,70.0,14.27,72.46,0.0,6.87,9.4,1015.8,2,False,10,2025,24,25.33,23.75,31.33,25.58,25.98,7.08,0.0,-0.892,0.4521
2025-10-29,45.41,68.0,15.6,85.59,1.0,7.51,16.1,1008.18,3,False,10,2025,22,48.63,25.33,30.75,32.57,28.45,6.87,0.0,-0.8841,0.4674
2025-10-30,25.0,41.0,17.63,81.04,0.5,8.5,16.1,1007.94,4,False,10,2025,24,45.41,48.63,18.5,39.79,30.55,7.51,1.0,-0.8759,0.4825
2025-10-31,37.71,66.0,16.62,78.46,0.0,7.45,12.6,1011.88,5,False,10,2025,24,25.0,45.41,24.54,39.68,31.48,8.5,0.5,-0.8675,0.4975
2025-11-01,41.04,67.0,16.72,79.46,0.0,8.4,14.6,1013.27,6,True,11,2025,24,37.71,25.0,27.67,36.04,33.36,7.45,0.0,-0.8588,0.5124
2025-11-02,29.04,59.0,17.49,71.0,0.0,7.83,21.6,1014.76,0,True,11,2025,24,41.04,37.71,23.75,34.58,35.27,8.4,0.0,-0.8498,0.5271
2025-11-03,31.54,52.0,15.27,79.29,0.1,6.63,12.2,1020.75,1,False,11,2025,24,29.04,41.04,25.33,35.93,36.02,7.83,0.0,-0.8406,0.5416
2025-11-04,37.0,82.0,14.65,80.92,0.1,6.83,12.9,1020.29,2,False,11,2025,24,31.54,29.04,48.63,33.87,36.91,6.63,0.1,-0.8312,0.556
2025-11-05,53.0,72.0,15.35,86.08,2.0,5.42,10.6,1016.7,3,False,11,2025,24,37.0,31.54,45.41,32.53,35.25,6.83,0.1,-0.8215,0.5702
2025-11-06,27.63,61.0,16.53,78.33,13.0,7.11,15.7,1006.55,4,False,11,2025,24,53.0,37.0,25.0,40.51,36.33,5.42,2.0,-0.8115,0.5843
2025-11-07,24.75,50.0,14.17,72.33,0.0,6.82,10.4,1008.57,5,False,11,2025,24,27.63,53.0,37.71,39.21,36.71,7.11,13.0,-0.8014,0.5982
2025-11-08,33.67,67.0,12.68,82.75,1.5,4.98,9.5,1009.32,6,True,11,2025,24,24.75,27.63,41.04,35.13,34.86,6.82,0.0,-0.7909,0.6119
2025-11-09,20.0,55.0,12.99,78.08,0.0,7.87,13.6,1015.04,0,True,11,2025,24,33.67,24.75,29.04,28.68,33.8,4.98,1.5,-0.7803,0.6254
2025-11-10,34.79,90.0,12.53,76.0,0.0,7.6,9.6,1013.52,1,False,11,2025,24,20.0,33.67,31.54,26.14,32.51,7.87,0.0,-0.7694,0.6387
2025-11-11,53.42,88.0,12.5,79.17,0.0,7.03,11.3,1014.21,2,False,11,2025,24,34.79,20.0,37.0,29.49,32.98,7.6,0.0,-0.7583,0.6519
2025-11-12,62.63,103.0,14.15,82.71,0.0,5.18,8.9,1014.85,3,False,11,2025,24,53.42,34.79,53.0,36.07,35.32,7.03,0.0,-0.747,0.6649
2025-11-13,28.71,65.0,17.09,90.29,0.0,13.35,23.1,1014.36,4,False,11,2025,24,62.63,53.42,27.63,50.28,36.7,5.18,0.0,-0.7354,0.6776
2025-11-18,27.04,44.0,12.29,74.26,0.1,5.69,11.2,1012.67,2,False,11,2025,23,28.71,62.63,24.75,48.25,36.85,13.35,0.0,-0.6744,0.7383
2025-11-19,22.88,43.0,8.95,60.33,0.0,10.22,14.5,1011.25,3,False,11,2025,24,27.04,28.71,33.67,39.46,37.18,5.69,0.1,-0.6616,0.7498
2025-11-20,31.88,49.0,7.8,73.0,0.9,6.62,11.9,1010.45,4,False,11,2025,24,22.88,27.04,20.0,26.21,35.64,10.22,0.0,-0.6486,0.7611
2025-11-21,23.13,35.0,7.35,54.13,0.0,12.52,23.2,1014.03,5,False,11,2025,24,31.88,22.88,34.79,27.27,37.34,6.62,0.9,-0.6354,0.7722
2025-11-22,20.92,56.0,8.46,33.25,0.0,14.08,22.7,1019.49,6,True,11,2025,24,23.13,31.88,53.42,25.96,35.67,12.52,0.0,-0.622,0.783
2025-11-23,32.04,85.0,9.66,55.79,0.0,7.93,10.7,1016.8,0,True,11,2025,24,20.92,23.13,62.63,25.31,31.03,14.08,0.0,-0.6085,0.7936
2025-11-24,36.54,67.0,14.83,58.75,0.0,13.21,26.9,1005.53,1,False,11,2025,24,32.04,20.92,28.71,25.36,26.66,7.93,0.0,-0.5947,0.8039
2025-11-25,22.29,45.0,12.28,66.21,0.0,8.73,13.2,1005.43,2,False,11,2025,24,36.54,32.04,27.04,29.83,27.78,13.21,0.0,-0.5808,0.814
2025-11-26,27.38,51.0,10.57,32.42,0.0,14.83,21.3,1012.85,3,False,11,2025,24,22.29,36.54,22.88,30.29,27.1,8.73,0.0,-0.5667,0.8239
2025-11-27,37.42,69.0,8.42,44.5,0.0,8.19,16.2,1017.07,4,False,11,2025,24,27.38,22.29,31.88,28.74,27.74,14.83,0.0,-0.5524,0.8336
2025-11-28,45.08,85.0,7.84,55.17,0.0,5.83,9.0,1017.72,5,False,11,2025,24,37.42,27.38,23.13,29.03,28.53,8.19,0.0,-0.538,0.8429
2025-11-29,30.33,66.0,9.38,65.17,0.0,8.1,11.4,1012.88,6,True,11,2025,24,45.08,37.42,20.92,36.63,31.67,5.83,0.0,-0.5234,0.8521
2025-11-30,26.25,47.0,9.65,71.38,0.0,5.36,8.6,1011.33,0,True,11,2025,24,30.33,45.08,32.04,37.61,33.01,8.1,0.0,-0.5087,0.861
2025-12-01,26.33,52.0,8.49,74.71,0.0,7.07,10.0,1015.83,1,False,12,2025,21,26.25,30.33,36.54,33.89,32.18,5.36,0.0,-0.4938,0.8696
2025-12-02,31.17,58.0,9.93,65.83,0.0,7.62,12.9,1009.97,2,False,12,2025,24,26.33,26.25,22.29,27.64,30.73,7.07,0.0,-0.4787,0.878
2025-12-03,27.25,57.0,9.76,70.0,0.4,9.1,14.3,1008.85,3,False,12,2025,24,31.17,26.33,27.38,27.92,31.99,7.62,0.0,-0.4636,0.8861
2025-12-04,29.71,48.0,7.84,73.21,1.6,8.78,11.9,1009.06,4,False,12,2025,24,27.25,31.17,37.42,28.25,31.98,9.1,0.4,-0.4482,0.8939
2025-12-05,47.38,96.0,9.74,72.04,0.0,6.6,12.4,1009.68,5,False,12,2025,24,29.71,27.25,45.08,29.38,30.87,8.78,1.6,-0.4328,0.9015
2025-12-06,44.83,77.0,11.15,74.33,0.0,5.65,10.2,1014.32,6,True,12,2025,24,47.38,29.71,30.33,34.78,31.2,6.6,0.0,-0.4172,0.9088
2025-12-07,34.79,72.0,12.11,79.21,0.0,7.76,11.5,1016.31,0,True,12,2025,24,44.83,47.38,26.25,40.64,33.27,5.65,0.0,-0.4015,0.9159
2025-12-08,38.0,71.0,11.89,77.54,0.0,8.15,10.0,1017.95,1,False,12,2025,24,34.79,44.83,26.33,42.33,34.49,7.76,0.0,-0.3857,0.9226
2025-12-09,48.25,73.0,10.38,84.54,0.0,7.49,12.5,1017.87,2,False,12,2025,24,38.0,34.79,31.17,39.21,36.16,8.15,0.0,-0.3697,0.9291
2025-12-10,60.5,87.0,11.33,77.54,0.0,6.37,10.4,1018.43,3,False,12,2025,24,48.25,38.0,27.25,40.35,38.6,7.49,0.0,-0.3537,0.9354
2025-12-11,51.83,86.0,10.64,84.38,0.0,5.01,8.9,1020.67,4,False,12,2025,24,60.5,48.25,29.71,48.92,43.35,6.37,0.0,-0.3375,0.9413
2025-12-12,50.88,77.0,11.68,85.88,0.2,5.31,8.1,1018.53,5,False,12,2025,24,51.83,60.5,47.38,53.53,46.51,5.01,0.0,-0.3213,0.947
2025-12-13,32.79,62.0,12.71,75.29,0.3,8.67,12.7,1022.78,6,True,12,2025,24,50.88,51.83,44.83,54.4,47.01,5.31,0.2,-0.3049,0.9524
2025-12-14,27.13,43.0,10.36,85.13,2.3,8.53,11.9,1022.02,0,True,12,2025,24,32.79,50.88,34.79,45.17,45.29,8.67,0.3,-0.2885,0.9575
2025-12-15,31.63,67.0,12.41,93.88,36.6,9.74,14.4,1013.41,1,False,12,2025,24,27.13,32.79,38.0,36.93,44.2,8.53,2.3,-0.272,0.9623
2025-12-16,55.04,80.0,11.47,90.0,2.0,7.04,14.3,1008.05,2,False,12,2025,24,31.63,27.13,48.25,30.52,43.29,9.74,36.6,-0.2554,0.9668
2025-12-17,39.0,63.0,12.28,86.67,0.1,6.69,12.0,1017.76,3,False,12,2025,24,55.04,31.63,60.5,37.93,44.26,7.04,2.0,-0.2387,0.9711
2025-12-18,49.38,80.0,10.55,93.08,0.0,5.36,9.2,1021.46,4,False,12,2025,24,39.0,55.04,51.83,41.89,41.19,6.69,0.1,-0.2219,0.9751
2025-12-19,63.04,81.0,11.07,88.42,1.5,4.87,9.7,1017.58,5,False,12,2025,24,49.38,39.0,50.88,47.81,40.84,5.36,0.0,-0.2051,0.9787
2025-12-20,43.71,71.0,12.5,93.92,12.0,4.69,9.3,1012.12,6,True,12,2025,24,63.04,49.38,32.79,50.47,42.57,4.87,1.5,-0.1882,0.9821
2025-12-21,27.38,53.0,12.04,89.21,3.2,6.28,15.5,1003.71,0,True,12,2025,24,43.71,63.04,27.13,52.04,44.13,4.69,12.0,-0.1713,0.9852
2025-12-22,24.42,55.0,9.15,80.42,10.6,9.52,16.5,1001.25,1,False,12,2025,24,27.38,43.71,31.63,44.71,44.17,6.28,3.2,-0.1543,0.988
2025-12-23,23.21,44.0,7.34,81.17,4.6,9.29,14.0,1001.58,2,False,12,2025,24,24.42,27.38,55.04,31.84,43.14,9.52,10.6,-0.1373,0.9905
2025-12-24,24.38,48.0,9.09,75.79,0.0,9.03,18.1,1003.81,3,False,12,2025,24,23.21,24.42,39.0,25.0,38.59,9.29,4.6,-0.1202,0.9927
2025-12-25,17.83,25.0,9.55,86.04,5.7,8.59,17.7,1007.94,4,False,12,2025,24,24.38,23.21,49.38,24.0,36.5,9.03,0.0,-0.1031,0.9947
2025-12-26,10.88,20.0,11.43,89.5,14.6,20.28,26.1,1009.5,5,False,12,2025,24,17.83,24.38,63.04,21.81,32.0,8.59,5.7,-0.086,0.9963
2025-12-27,17.21,28.0,11.63,91.08,44.4,21.33,30.1,1015.87,6,True,12,2025,24,10.88,17.83,43.71,17.7,24.54,20.28,14.6,-0.0688,0.9976
2025-12-28,23.29,44.0,12.2,85.33,0.8,11.77,17.1,1016.88,0,True,12,2025,24,17.21,10.88,27.38,15.31,20.76,21.33,44.4,-0.0516,0.9987
2025-12-29,39.77,67.0,11.16,86.77,19.7,4.91,9.8,1016.59,1,False,12,2025,22,23.29,17.21,24.42,17.13,20.17,11.77,0.8,-0.0344,0.9994
2025-12-30,24.33,61.0,9.25,82.46,0.0,7.85,11.7,1014.21,2,False,12,2025,24,39.77,23.29,23.21,26.76,22.37,4.91,19.7,-0.0172,0.9999
2025-12-31,25.29,44.0,8.32,78.79,0.2,5.98,11.5,1016.02,3,False,12,2025,24,24.33,39.77,24.38,29.13,22.53,7.85,0.0,0.0,1.0
2026-01-03,26.21,44.0,8.73,79.67,1.4,8.94,13.4,1004.91,6,True,1,2026,24,25.29,24.33,17.83,29.8,22.66,5.98,0.2,0.0516,0.9987
2026-01-04,20.38,35.0,7.92,90.42,3.2,6.3,10.4,1003.74,0,True,1,2026,24,26.21,25.29,10.88,25.28,23.85,8.94,1.4,0.0688,0.9976
2026-01-05,21.17,33.0,6.2,85.7,1.0,7.71,12.4,1005.9,1,False,1,2026,23,20.38,26.21,17.21,23.96,25.21,6.3,3.2,0.086,0.9963
2026-01-06,17.38,33.0,4.3,67.46,0.0,9.9,14.3,1008.77,2,False,1,2026,24,21.17,20.38,23.29,22.59,25.78,7.71,1.0,0.1031,0.9947
2026-01-07,22.33,38.0,3.61,57.75,0.0,10.07,13.9,1014.41,3,False,1,2026,24,17.38,21.17,39.77,19.64,24.93,9.9,0.0,0.1202,0.9927
2026-01-08,25.96,59.0,9.23,69.0,0.0,11.63,20.1,1017.07,4,False,1,2026,24,22.33,17.38,24.33,20.29,22.44,10.07,0.0,0.1373,0.9905
2026-01-09,18.63,67.0,12.18,56.71,0.0,19.91,27.6,1011.0,5,False,1,2026,24,25.96,22.33,25.29,21.89,22.67,11.63,0.0,0.1543,0.988
2026-01-10,11.83,21.0,9.24,61.5,0.1,16.64,21.7,1014.51,6,True,1,2026,24,18.63,25.96,26.21,22.31,21.72,19.91,0.0,0.1713,0.9852
2026-01-11,28.29,69.0,7.18,77.25,0.0,6.73,9.4,1020.18,0,True,1,2026,24,11.83,18.63,20.38,18.81,19.67,16.64,0.1,0.1882,0.9821
2026-01-12,49.13,76.0,8.02,82.09,0.0,7.78,13.2,1018.98,1,False,1,2026,23,28.29,11.83,21.17,19.58,20.8,6.73,0.0,0.2051,0.9787
2026-01-13,52.88,95.0,9.9,87.79,0.0,4.9,9.4,1014.94,2,False,1,2026,24,49.13,28.29,17.38,29.75,24.79,7.78,0.0,0.2219,0.9751
2026-01-14,56.83,82.0,9.35,88.29,0.0,4.99,8.4,1015.05,3,False,1,2026,24,52.88,49.13,22.33,43.43,29.86,4.9,0.0,0.2387,0.9711
2026-01-15,47.96,73.0,9.07,83.75,0.0,6.94,13.1,1014.73,4,False,1,2026,24,56.83,52.88,25.96,52.95,34.79,4.99,0.0,0.2554,0.9668
2026-01-16,64.96,96.0,8.54,84.29,0.1,5.13,7.6,1011.74,5,False,1,2026,24,47.96,56.83,18.63,52.56,37.94,6.94,0.0,0.272,0.9623
2026-01-17,27.5,58.0,11.14,94.04,35.9,10.35,22.1,1008.46,6,True,1,2026,24,64.96,47.96,11.83,56.58,44.55,5.13,0.1,0.2885,0.9575
2026-01-18,30.17,56.0,11.26,92.96,12.4,10.68,17.0,1008.33,0,True,1,2026,24,27.5,64.96,28.29,46.81,46.79,10.35,35.9,0.3049,0.9524
2026-01-19,34.17,69.0,10.69,85.88,5.4,11.63,17.2,1011.03,1,False,1,2026,24,30.17,27.5,49.13,40.88,47.06,10.68,12.4,0.3213,0.947
2026-01-20,24.38,44.0,9.87,85.75,43.0,19.93,23.8,1009.86,2,False,1,2026,24,34.17,30.17,52.88,30.61,44.92,11.63,5.4,0.3375,0.9413
2026-01-21,29.88,60.0,10.89,86.21,0.8,9.67,16.8,1004.86,3,False,1,2026,24,24.38,34.17,56.83,29.57,40.85,19.93,43.0,0.3537,0.9354
2026-01-22,25.8,57.0,11.0,85.35,1.4,7.48,16.5,994.39,4,False,1,2026,20,29.88,24.38,47.96,29.48,37.0,9.67,0.8,0.3697,0.9291
2026-01-23,34.46,63.0,9.49,69.75,0.0,7.98,14.5,994.78,5,False,1,2026,24,25.8,29.88,64.96,26.69,33.84,7.48,1.4,0.3857,0.9226
2026-01-24,34.67,70.0,6.33,87.21,27.6,8.23,19.1,992.51,6,True,1,2026,24,34.46,25.8,27.5,30.05,29.48,7.98,0.0,0.4015,0.9159
2026-01-25,14.13,31.0,8.6,69.21,0.0,12.21,20.7,998.61,0,True,1,2026,24,34.67,34.46,30.17,31.64,30.5,8.23,27.6,0.4172,0.9088
2026-01-26,21.46,44.0,10.42,63.25,0.3,16.15,27.7,1002.06,1,False,1,2026,24,14.13,34.67,34.17,27.75,28.21,12.21,0.0,0.4328,0.9015
2026-01-27,42.67,64.0,10.8,86.54,4.5,9.86,22.1,996.45,2,False,1,2026,24,21.46,14.13,24.38,23.42,26.4,16.15,0.3,0.4482,0.8939
2026-01-28,20.71,62.0,9.21,64.08,0.2,14.22,20.0,993.0,3,False,1,2026,24,42.67,21.46,29.88,26.09,29.01,9.86,4.5,0.4636,0.8861
2026-01-29,25.63,65.0,9.81,72.54,0.0,10.34,14.6,998.36,4,False,1,2026,24,20.71,42.67,25.8,28.28,27.7,14.22,0.2,0.4787,0.878
2026-01-30,22.33,41.0,11.6,67.58,0.4,13.23,22.1,1000.41,5,False,1,2026,24,25.63,20.71,34.46,29.67,27.68,10.34,0.0,0.4938,0.8696
2026-01-31,13.5,20.0,11.13,70.96,0.5,10.86,22.0,998.93,6,True,1,2026,24,22.33,25.63,34.67,22.89,25.94,13.23,0.4,0.5087,0.861
2026-02-01,20.38,63.0,9.55,71.67,0.3,9.13,19.6,1007.52,0,True,2,2026,24,13.5,22.33,14.13,20.49,22.92,10.86,0.5,0.5234,0.8521
2026-02-02,60.95,86.0,9.62,88.55,2.7,7.35,16.9,997.38,1,False,2,2026,22,20.38,13.5,21.46,18.74,23.81,9.13,0.3,0.538,0.8429
2026-02-03,41.25,106.0,10.38,72.58,0.0,9.8,17.8,997.46,2,False,2,2026,24,60.95,20.38,42.67,31.61,29.45,7.35,2.7,0.5524,0.8336
2026-02-04,50.0,71.0,8.78,78.13,0.7,7.92,16.2,991.42,3,False,2,2026,24,41.25,60.95,20.71,40.86,29.25,9.8,0.0,0.5667,0.8239
2026-02-05,50.58,76.0,10.98,80.0,2.5,10.97,23.4,988.94,4,False,2,2026,24,50.0,41.25,25.63,50.73,33.43,7.92,0.7,0.5808,0.814
2026-02-06,30.08,85.0,13.79,60.67,0.0,14.83,19.5,995.2,5,False,2,2026,24,50.58,50.0,22.33,47.28,37.0,10.97,2.5,0.5947,0.8039
2026-02-07,15.54,39.0,11.4,64.58,0.0,13.33,18.9,1002.02,6,True,2,2026,24,30.08,50.58,13.5,43.55,38.11,14.83,0.0,0.6085,0.7936
2026-02-08,16.33,28.0,10.49,82.13,5.3,4.65,10.7,1000.11,0,True,2,2026,24,15.54,30.08,20.38,32.07,38.4,13.33,0.0,0.622,0.783
2026-02-09,26.83,48.0,10.11,79.67,0.3,5.88,11.5,1004.73,1,False,2,2026,24,16.33,15.54,60.95,20.65,37.82,4.65,5.3,0.6354,0.7722
2026-02-10,38.96,66.0,13.38,83.04,2.7,7.18,15.7,1001.64,2,False,2,2026,24,26.83,16.33,41.25,19.57,32.94,5.88,0.3,0.6486,0.7611
2026-02-11,16.79,43.0,17.08,58.63,4.4,18.08,33.0,1000.25,3,False,2,2026,24,38.96,26.83,50.0,27.37,32.62,7.18,2.7,0.6616,0.7498
2026-02-12,9.29,21.0,15.66,45.63,0.0,29.42,42.6,999.04,4,False,2,2026,24,16.79,38.96,50.58,27.53,27.87,18.08,4.4,0.6744,0.7383
2026-02-13,37.21,82.0,11.47,74.96,18.5,9.17,20.2,992.45,5,False,2,2026,24,9.29,16.79,30.08,21.68,21.97,29.42,0.0,0.6871,0.7266
2026-02-14,13.88,31.0,12.37,63.0,0.2,12.88,21.6,993.95,6,True,2,2026,24,37.21,9.29,15.54,21.1,22.99,9.17,18.5,0.6995,0.7147
2026-02-15,13.63,51.0,10.09,62.13,0.0,9.83,26.1,1012.66,0,True,2,2026,24,13.88,37.21,16.33,20.13,22.76,12.88,0.2,0.7117,0.7025
2026-02-16,12.63,25.0,15.11,58.42,0.0,16.15,22.9,1010.55,1,False,2,2026,24,13.63,13.88,26.83,21.57,22.37,9.83,0.0,0.7236,0.6902
2026-02-17,16.04,38.0,12.75,77.0,0.0,10.04,13.2,1014.99,2,False,2,2026,23,12.63,13.63,38.96,13.38,20.34,16.15,0.0,0.7354,0.6776
2026-02-18,26.88,51.0,12.52,81.75,0.0,8.52,16.7,1011.54,3,False,2,2026,24,16.04,12.63,16.79,14.1,17.07,10.04,0.0,0.747,0.6649
2026-02-19,11.14,21.0,13.5,46.91,0.0,18.54,26.9,1007.94,4,False,2,2026,22,26.88,16.04,9.29,18.52,18.51,8.52,0.0,0.7583,0.6519
2026-02-20,25.38,64.0,12.4,54.63,0.0,11.27,24.2,1019.14,5,False,2,2026,24,11.14,26.88,37.21,18.02,18.77,18.54,0.0,0.7694,0.6387
2026-02-21,23.88,74.0,11.49,65.63,0.0,6.99,12.1,1026.48,6,True,2,2026,24,25.38,11.14,13.88,21.13,17.08,11.27,0.0,0.7803,0.6254
2026-02-22,43.58,73.0,11.47,69.83,0.0,6.5,10.9,1024.75,0,True,2,2026,24,23.88,25.38,13.63,20.13,18.51,6.99,0.0,0.7909,0.6119
2026-02-23,63.5,94.0,12.09,75.33,0.0,5.05,8.8,1021.95,1,False,2,2026,24,43.58,23.88,12.63,30.95,22.79,6.5,0.0,0.8014,0.5982
2026-02-24,51.25,92.0,13.04,69.29,0.0,8.3,14.3,1017.33,2,False,2,2026,24,63.5,43.58,16.04,43.65,30.06,5.05,0.0,0.8115,0.5843
2026-02-25,34.54,56.0,11.57,81.42,0.0,5.5,9.8,1018.15,3,False,2,2026,24,51.25,63.5,26.88,52.78,35.09,8.3,0.0,0.8215,0.5702
2026-02-26,34.42,71.0,11.28,84.33,0.0,4.06,8.0,1024.05,4,False,2,2026,24,34.54,51.25,11.14,49.76,36.18,5.5,0.0,0.8312,0.556
2026-02-27,28.83,47.0,10.75,85.42,0.0,5.57,12.3,1021.77,5,False,2,2026,24,34.42,34.54,25.38,40.07,39.51,4.06,0.0,0.8406,0.5416
2026-02-28,15.71,24.0,12.06,85.92,0.9,7.0,12.2,1021.67,6,True,2,2026,24,28.83,34.42,23.88,32.6,40.0,5.57,0.0,0.8498,0.5271
2026-03-01,15.13,24.0,12.3,82.33,2.5,5.85,12.6,1022.13,0,True,3,2026,24,15.71,28.83,43.58,26.32,38.83,7.0,0.9,0.8588,0.5124
2026-03-02,29.13,74.0,10.83,81.71,0.1,5.6,11.4,1018.45,1,False,3,2026,24,15.13,15.71,63.5,19.89,34.77,5.85,2.5,0.8675,0.4975
2026-03-03,23.83,67.0,14.01,74.08,1.1,17.91,29.0,1018.32,2,False,3,2026,24,29.13,15.13,51.25,19.99,29.86,5.6,0.1,0.8759,0.4825
2026-03-04,16.79,29.0,15.16,72.63,0.0,23.85,31.4,1017.19,3,False,3,2026,24,23.83,29.13,34.54,22.7,25.94,17.91,1.1,0.8841,0.4674
2026-03-05,17.78,35.0,13.84,87.35,36.2,22.55,29.9,1012.0,4,False,3,2026,23,16.79,23.83,34.42,23.25,23.41,23.85,0.0,0.892,0.4521
2026-03-06,15.92,25.0,12.79,92.79,35.3,23.33,30.3,1011.05,5,False,3,2026,24,17.78,16.79,28.83,19.47,21.03,22.55,36.2,0.8996,0.4367
2026-03-07,18.21,43.0,12.56,88.42,12.3,10.19,21.8,1016.88,6,True,3,2026,24,15.92,17.78,15.71,16.83,19.18,23.33,35.3,0.907,0.4211
2026-03-08,19.21,31.0,11.12,85.29,6.7,5.6,11.7,1018.83,0,True,3,2026,24,18.21,15.92,15.13,17.3,19.54,10.19,12.3,0.9141,0.4054
2026-03-09,31.04,71.0,11.32,85.92,3.5,4.67,11.7,1017.65,1,False,3,2026,24,19.21,18.21,29.13,17.78,20.12,5.6,6.7,0.921,0.3896
2026-03-10,31.08,62.0,10.57,87.21,0.1,4.47,9.1,1017.61,2,False,3,2026,24,31.04,19.21,23.83,22.82,20.4,4.67,3.5,0.9275,0.3737
2026-03-11,32.5,66.0,11.58,84.17,0.0,6.91,16.0,1020.88,3,False,3,2026,24,31.08,31.04,16.79,27.11,21.43,4.47,0.1,0.9338,0.3577
2026-03-12,34.08,71.0,11.89,86.5,0.3,7.21,17.1,1021.56,4,False,3,2026,24,32.5,31.08,17.78,31.54,23.68,6.91,0.0,0.9399,0.3416
2026-03-13,36.5,51.0,11.25,91.75,0.0,5.66,11.5,1015.44,5,False,3,2026,24,34.08,32.5,15.92,32.55,26.01,7.21,0.3,0.9456,0.3253
2026-03-14,25.58,49.0,10.03,90.83,17.8,7.08,21.6,1002.67,6,True,3,2026,24,36.5,34.08,18.21,34.36,28.95,5.66,0.0,0.9511,0.309
2026-03-15,20.33,56.0,10.54,58.21,0.0,6.93,13.7,1004.87,0,True,3,2026,24,25.58,36.5,19.21,32.05,30.0,7.08,17.8,0.9562,0.2926
2026-03-16,27.0,64.0,10.07,62.17,0.0,6.47,12.6,1015.79,1,False,3,2026,24,20.33,25.58,31.04,27.47,30.16,6.93,0.0,0.9611,0.2761
2026-03-17,49.46,99.0,11.72,83.96,0.0,6.08,10.0,1014.0,2,False,3,2026,24,27.0,20.33,31.08,24.3,29.58,6.47,0.0,0.9657,0.2595
2026-03-18,29.77,60.0,11.64,86.23,0.1,10.31,24.0,1009.36,3,False,3,2026,22,49.46,27.0,32.5,32.26,32.21,6.08,0.0,0.9701,0.2428
2026-03-19,24.58,50.0,12.85,66.88,0.0,14.16,19.3,1014.21,4,False,3,2026,24,29.77,49.46,34.08,35.41,31.82,10.31,0.1,0.9741,0.2261
2026-03-20,27.38,65.0,10.76,67.42,0.0,7.0,13.7,1013.44,5,False,3,2026,24,24.58,29.77,36.5,34.6,30.46,14.16,0.0,0.9778,0.2093
2026-03-21,34.58,65.0,10.18,68.38,0.0,6.83,15.2,1010.31,6,True,3,2026,24,27.38,24.58,25.58,27.24,29.16,7.0,0.0,0.9813,0.1925
2026-03-22,19.88,45.0,10.65,76.25,0.1,8.5,17.5,1007.88,0,True,3,2026,24,34.58,27.38,20.33,28.85,30.44,6.83,0.0,0.9845,0.1755
2026-03-23,18.42,35.0,12.22,78.71,0.3,8.35,15.6,1013.2,1,False,3,2026,24,19.88,34.58,27.0,27.28,30.38,8.5,0.1,0.9873,0.1586
2026-03-24,29.33,74.0,12.66,69.5,0.0,8.11,17.1,1019.25,2,False,3,2026,24,18.42,19.88,49.46,24.29,29.15,8.35,0.3,0.9899,0.1415
2026-03-25,34.88,80.0,13.2,69.04,0.0,8.1,16.2,1014.18,3,False,3,2026,24,29.33,18.42,29.77,22.54,26.28,8.11,0.0,0.9922,0.1245
2026-03-26,20.5,40.0,11.92,69.46,0.8,10.62,18.6,1011.6,4,False,3,2026,24,34.88,29.33,24.58,27.54,27.01,8.1,0.0,0.9942,0.1074
2026-03-27,20.96,34.0,11.61,68.13,0.0,7.6,17.5,1013.09,5,False,3,2026,24,20.5,34.88,27.38,28.24,26.42,10.62,0.8,0.9959,0.0903
2026-03-28,14.46,32.0,11.98,66.83,0.0,6.52,16.4,1015.16,6,True,3,2026,24,20.96,20.5,34.58,25.45,25.51,7.6,0.0,0.9973,0.0731
2026-03-29,15.78,47.0,12.49,40.7,0.2,9.5,22.7,1016.2,0,True,3,2026,23,14.46,20.96,19.88,18.64,22.63,6.52,0.0,0.9984,0.0559
2026-03-30,16.45,31.0,11.94,47.35,0.0,8.71,14.3,1018.77,1,False,3,2026,20,15.78,14.46,18.42,17.07,22.05,9.5,0.2,0.9993,0.0387
2026-03-31,24.38,52.0,13.21,64.79,0.0,7.93,17.1,1015.76,2,False,3,2026,24,16.45,15.78,29.33,15.56,21.77,8.71,0.0,0.9998,0.0215
2026-04-01,29.42,63.0,12.79,72.08,0.2,5.47,10.3,1013.47,3,False,4,2026,24,24.38,16.45,34.88,18.87,21.06,7.93,0.0,1.0,0.0043
2026-04-02,17.83,33.0,13.26,73.0,0.2,8.75,22.0,1009.68,4,False,4,2026,24,29.42,24.38,20.5,23.42,20.28,5.47,0.2,0.9999,-0.0129
2026-04-03,20.63,39.0,13.05,57.67,0.0,7.96,18.4,1015.63,5,False,4,2026,24,17.83,29.42,20.96,23.88,19.9,8.75,0.2,0.9995,-0.0301
2026-04-04,28.29,62.0,14.0,65.42,0.0,5.65,13.2,1020.29,6,True,4,2026,24,20.63,17.83,14.46,22.63,19.85,7.96,0.0,0.9989,-0.0473
2026-04-05,24.83,53.0,15.11,64.13,0.0,8.37,16.3,1021.23,0,True,4,2026,24,28.29,20.63,15.78,22.25,21.83,5.65,0.0,0.9979,-0.0645
2026-04-06,24.5,42.0,15.2,63.54,0.0,7.83,15.3,1021.93,1,False,4,2026,24,24.83,28.29,16.45,24.58,23.12,8.37,0.0,0.9967,-0.0817
2026-04-07,39.04,87.0,14.05,71.71,0.0,4.95,10.9,1018.95,2,False,4,2026,24,24.5,24.83,24.38,25.87,24.27,7.83,0.0,0.9951,-0.0988
2026-04-10,65.88,106.0,17.32,59.92,0.0,6.71,14.3,1013.82,5,False,4,2026,24,39.04,24.5,29.42,29.46,26.36,4.95,0.0,0.9887,-0.1501
2026-04-11,54.08,98.0,17.47,55.96,0.0,7.8,15.5,1009.11,6,True,4,2026,24,65.88,39.04,17.83,43.14,31.57,6.71,0.0,0.9859,-0.1671
2026-04-12,23.21,49.0,15.83,81.92,7.0,5.01,10.4,1006.22,0,True,4,2026,24,54.08,65.88,20.63,53.0,36.75,7.8,0.0,0.9829,-0.184
2026-04-13,19.88,42.0,13.05,82.88,5.8,7.44,12.0,1005.6,1,False,4,2026,24,23.21,54.08,28.29,47.72,37.12,5.01,7.0,0.9796,-0.2009
2026-04-14,24.67,43.0,12.81,77.92,0.0,6.94,16.0,1013.1,2,False,4,2026,24,19.88,23.21,24.83,32.39,35.92,7.44,5.8,0.976,-0.2177
2026-04-15,38.25,71.0,12.37,78.35,0.0,4.76,11.4,1016.74,3,False,4,2026,20,24.67,19.88,24.5,22.59,35.89,6.94,0.0,0.9721,-0.2345
2026-04-16,47.08,88.0,15.69,74.17,0.0,6.91,17.6,1017.85,4,False,4,2026,24,38.25,24.67,39.04,27.6,37.86,4.76,0.0,0.9679,-0.2512
2026-04-17,49.67,85.0,15.95,68.67,0.0,5.62,10.2,1016.89,5,False,4,2026,24,47.08,38.25,65.88,36.67,39.01,6.91,0.0,0.9635,-0.2678
2026-04-18,47.08,78.0,17.25,66.96,0.0,5.63,9.3,1016.47,6,True,4,2026,24,49.67,47.08,54.08,45.0,36.69,5.62,0.0,0.9587,-0.2844
2026-04-19,36.88,63.0,17.63,64.33,0.0,7.08,14.5,1014.75,0,True,4,2026,24,47.08,49.67,23.21,47.94,35.69,5.63,0.0,0.9537,-0.3008
2026-04-20,32.5,73.0,18.29,70.21,0.0,7.41,13.4,1010.8,1,False,4,2026,24,36.88,47.08,19.88,44.54,37.64,7.08,0.0,0.9484,-0.3172
2026-04-21,35.96,63.0,17.36,75.0,0.0,6.68,11.1,1008.59,2,False,4,2026,24,32.5,36.88,24.67,38.82,39.45,7.41,0.0,0.9428,-0.3335
2026-04-22,32.67,77.0,16.82,74.17,0.0,8.48,19.4,1010.34,3,False,4,2026,24,35.96,32.5,38.25,35.11,41.06,6.68,0.0,0.9369,-0.3496
2026-04-23,15.96,40.0,16.79,68.08,0.0,17.23,23.5,1017.23,4,False,4,2026,24,32.67,35.96,47.08,33.71,40.26,8.48,0.0,0.9307,-0.3657
2026-04-24,30.0,67.0,15.35,63.46,0.0,6.17,13.2,1016.44,5,False,4,2026,24,15.96,32.67,49.67,28.2,35.82,17.23,0.0,0.9243,-0.3817
2026-04-25,42.5,78.0,15.85,74.13,0.0,5.25,12.2,1015.33,6,True,4,2026,24,30.0,15.96,47.08,26.21,33.01,6.17,0.0,0.9176,-0.3975
2026-04-26,28.17,47.0,17.86,66.71,0.0,5.67,12.0,1015.84,0,True,4,2026,24,42.5,30.0,36.88,29.49,32.35,5.25,0.0,0.9106,-0.4133
2026-04-27,38.71,72.0,18.58,66.21,0.0,6.03,12.2,1015.35,1,False,4,2026,24,28.17,42.5,32.5,33.56,31.11,5.67,0.0,0.9034,-0.4289
2026-04-28,36.83,71.0,17.55,72.21,0.0,6.28,12.6,1011.27,2,False,4,2026,24,38.71,28.17,35.96,36.46,32.0,6.03,0.0,0.8958,-0.4444
2026-04-29,13.27,31.0,18.13,76.55,0.0,11.76,18.1,1010.04,3,False,4,2026,22,36.83,38.71,32.67,34.57,32.12,6.28,0.0,0.8881,-0.4597
2026-04-30,18.71,43.0,18.15,75.75,0.2,8.67,16.7,1013.38,4,False,4,2026,24,13.27,36.83,15.96,29.6,29.35,11.76,0.0,0.88,-0.475
2026-05-01,10.42,16.0,18.3,72.0,0.2,15.72,24.0,1018.62,5,False,5,2026,24,18.71,13.27,30.0,22.94,29.74,8.67,0.2,0.8717,-0.49
2026-05-02,11.67,18.0,17.4,79.54,2.4,8.62,12.8,1019.29,6,True,5,2026,24,10.42,18.71,42.5,14.13,26.94,15.72,0.2,0.8631,-0.505
2026-05-03,10.42,22.0,16.84,82.42,2.0,7.71,14.0,1013.48,0,True,5,2026,24,11.67,10.42,28.17,13.6,22.54,8.62,2.4,0.8543,-0.5197
2026-05-04,28.54,72.0,17.62,81.04,6.3,8.24,19.1,1009.4,1,False,5,2026,24,10.42,11.67,38.71,10.84,20.0,7.71,2.0,0.8452,-0.5344
2026-05-05,27.63,64.0,16.07,78.42,1.0,5.57,14.0,1008.33,2,False,5,2026,24,28.54,10.42,36.83,16.88,18.55,8.24,6.3,0.8359,-0.5488
2026-05-06,25.79,40.0,15.51,76.13,0.6,6.78,14.3,1008.8,3,False,5,2026,24,27.63,28.54,13.27,22.2,17.24,5.57,1.0,0.8264,-0.5632
2026-05-07,18.5,40.0,15.5,77.17,1.2,7.81,14.1,1010.61,4,False,5,2026,24,25.79,27.63,18.71,27.32,19.03,6.78,0.6,0.8165,-0.5773
2026-05-08,27.79,71.0,16.04,76.42,0.4,6.85,11.8,1010.99,5,False,5,2026,24,18.5,25.79,10.42,23.97,19.0,7.81,1.2,0.8065,-0.5913
2026-05-09,20.67,41.0,16.32,84.79,15.9,9.95,19.3,1010.2,6,True,5,2026,24,27.79,18.5,11.67,24.03,21.48,6.85,0.4,0.7962,-0.6051
2026-05-10,15.64,30.0,17.1,75.68,0.6,11.98,20.2,1008.82,0,True,5,2026,22,20.67,27.79,10.42,22.32,22.76,9.95,15.9,0.7856,-0.6187
2026-05-13,21.75,32.0,16.13,79.38,3.5,8.26,16.2,1010.28,3,False,5,2026,24,15.64,20.67,28.54,21.37,23.51,11.98,0.6,0.7527,-0.6584
2026-05-14,17.13,31.0,17.27,61.17,0.0,9.2,24.3,1004.83,4,False,5,2026,24,21.75,15.64,27.63,19.35,22.54,8.26,3.5,0.7412,-0.6713
2026-05-15,17.32,30.0,14.57,69.45,2.4,8.44,18.9,1002.15,5,False,5,2026,22,17.13,21.75,25.79,18.17,21.04,9.2,0.0,0.7296,-0.6839
2026-05-16,18.63,37.0,14.1,65.92,0.0,7.93,15.9,1010.35,6,True,5,2026,24,17.32,17.13,18.5,18.73,19.83,8.44,2.4,0.7177,-0.6964
2026-05-17,13.0,22.0,16.76,65.46,1.4,8.02,13.2,1013.38,0,True,5,2026,24,18.63,17.32,27.79,17.69,19.85,7.93,0.0,0.7056,-0.7086
2026-05-18,24.0,51.0,16.48,78.63,3.1,5.69,13.3,1014.7,1,False,5,2026,24,13.0,18.63,20.67,16.32,17.73,8.02,1.4,0.6933,-0.7207
2026-05-19,28.79,60.0,18.26,81.79,0.4,6.94,15.9,1016.83,2,False,5,2026,24,24.0,13.0,15.64,18.54,18.21,5.69,3.1,0.6808,-0.7325
2026-05-20,31.21,67.0,20.02,72.54,0.0,5.84,12.0,1021.42,3,False,5,2026,24,28.79,24.0,21.75,21.93,20.09,6.94,0.4,0.6681,-0.7441
2026-05-21,46.75,77.0,21.06,64.63,0.0,7.45,12.2,1022.13,4,False,5,2026,24,31.21,28.79,17.13,28.0,21.44,5.84,0.0,0.6552,-0.7555
2026-05-22,37.0,60.0,21.05,64.54,0.0,5.85,9.7,1021.93,5,False,5,2026,24,46.75,31.21,17.32,35.58,25.67,7.45,0.0,0.6421,-0.7667
2026-05-23,37.42,70.0,20.95,79.5,0.0,6.23,11.7,1022.09,6,True,5,2026,24,37.0,46.75,18.63,38.32,28.48,5.85,0.0,0.6288,-0.7776
2026-05-24,52.04,97.0,21.71,79.92,0.0,4.79,10.6,1022.7,0,True,5,2026,24,37.42,37.0,13.0,40.39,31.17,6.23,0.0,0.6153,-0.7883
2026-05-25,34.88,80.0,21.81,66.46,0.0,5.07,11.5,1024.68,1,False,5,2026,24,52.04,37.42,24.0,42.15,36.74,4.79,0.0,0.6016,-0.7988
2026-05-26,48.0,84.0,22.77,56.88,0.0,6.53,13.3,1023.67,2,False,5,2026,24,34.88,52.04,28.79,41.45,38.3,5.07,0.0,0.5878,-0.809
2026-05-27,31.25,72.0,24.24,47.79,0.0,7.48,15.0,1018.88,3,False,5,2026,24,48.0,34.88,31.21,44.97,41.04,6.53,0.0,0.5738,-0.819
2026-05-28,43.96,116.0,26.45,40.58,0.0,8.3,15.0,1015.63,4,False,5,2026,24,31.25,48.0,46.75,38.04,41.05,7.48,0.0,0.5596,-0.8288
2026-05-29,42.88,95.0,25.31,49.38,0.0,6.71,14.5,1016.72,5,False,5,2026,24,43.96,31.25,37.0,41.07,40.65,8.3,0.0,0.5452,-0.8383
2026-05-30,23.79,54.0,23.42,69.67,0.0,5.49,12.2,1016.98,6,True,5,2026,24,42.88,43.96,37.42,39.36,41.49,6.71,0.0,0.5307,-0.8475
2026-05-31,32.83,53.0,23.37,74.63,0.0,6.31,13.4,1015.45,0,True,5,2026,24,23.79,42.88,52.04,36.88,39.54,5.49,0.0,0.5161,-0.8566
2026-06-01,16.05,36.0,23.42,76.15,0.0,9.75,16.8,1013.72,1,False,6,2026,20,32.83,23.79,34.88,33.17,36.8,6.31,0.0,0.5012,-0.8653
2026-06-02,13.94,44.0,22.85,76.94,0.0,9.56,19.2,1010.21,2,False,6,2026,18,16.05,32.83,48.0,24.22,34.11,9.75,0.0,0.4863,-0.8738
2026-06-03,17.75,33.0,22.17,58.83,0.0,10.95,18.3,1013.21,3,False,6,2026,24,13.94,16.05,31.25,20.94,29.24,9.56,0.0,0.4712,-0.882
2026-06-04,18.13,40.0,22.08,77.13,16.7,12.86,20.1,1009.72,4,False,6,2026,24,17.75,13.94,43.96,15.91,27.31,10.95,0.0,0.4559,-0.89
2026-06-05,16.79,38.0,18.5,79.38,3.5,9.46,17.1,1013.33,5,False,6,2026,24,18.13,17.75,42.88,16.61,23.62,12.86,16.7,0.4405,-0.8977
2026-06-06,15.13,32.0,20.74,79.0,0.0,7.06,16.0,1015.35,6,True,6,2026,24,16.79,18.13,23.79,17.56,19.9,9.46,3.5,0.425,-0.9052
2026-06-07,21.5,38.0,21.13,77.13,0.0,6.16,12.7,1019.79,0,True,6,2026,24,15.13,16.79,32.83,16.68,18.66,7.06,0.0,0.4094,-0.9124
2026-06-08,37.67,125.0,21.85,73.04,0.0,7.39,15.2,1015.85,1,False,6,2026,24,21.5,15.13,16.05,17.81,17.04,6.16,0.0,0.3936,-0.9193
2026-06-09,20.63,44.0,22.4,77.42,2.4,7.68,16.4,1014.68,2,False,6,2026,24,37.67,21.5,13.94,24.77,20.13,7.39,0.0,0.3777,-0.9259
2026-06-10,19.46,36.0,20.45,74.83,2.9,8.13,15.4,1015.61,3,False,6,2026,24,20.63,37.67,17.75,26.6,21.09,7.68,2.4,0.3617,-0.9323
2026-06-11,22.96,39.0,21.0,66.04,0.7,7.93,12.1,1019.72,4,False,6,2026,24,19.46,20.63,18.13,25.92,21.33,8.13,2.9,0.3456,-0.9384
2026-06-12,37.33,80.0,22.95,61.54,0.0,7.02,14.6,1021.7,5,False,6,2026,24,22.96,19.46,16.79,21.02,22.02,7.93,0.7,0.3294,-0.9442
2026-06-13,37.83,66.0,25.83,47.63,0.0,8.58,15.7,1018.58,6,True,6,2026,24,37.33,22.96,15.13,26.58,24.95,7.02,0.0,0.3131,-0.9497
2026-06-14,33.96,62.0,25.71,42.17,0.0,6.89,12.6,1012.92,0,True,6,2026,24,37.83,37.33,21.5,32.71,28.2,8.58,0.0,0.2967,-0.955
2026-06-15,37.17,77.0,25.94,43.54,0.1,8.48,18.0,1010.15,1,False,6,2026,24,33.96,37.83,37.67,36.37,29.98,6.89,0.0,0.2802,-0.9599
2026-06-16,38.73,65.0,25.32,39.82,0.0,6.21,12.6,1013.88,2,False,6,2026,22,37.17,33.96,20.63,36.32,29.91,8.48,0.1,0.2637,-0.9646
2026-06-17,53.42,100.0,25.14,52.25,0.0,6.6,13.6,1016.47,3,False,6,2026,24,38.73,37.17,19.46,36.62,32.49,6.21,0.0,0.247,-0.969
2026-06-18,24.46,52.0,23.66,75.21,0.0,6.79,13.5,1016.18,4,False,6,2026,24,53.42,38.73,22.96,43.11,37.34,6.6,0.0,0.2303,-0.9731
2026-06-19,23.46,44.0,25.38,50.46,0.0,8.61,14.3,1014.99,5,False,6,2026,24,24.46,53.42,37.33,38.87,37.56,6.79,0.0,0.2135,-0.9769
2026-06-20,16.33,35.0,26.83,51.04,0.0,7.7,12.1,1017.28,6,True,6,2026,24,23.46,24.46,37.83,33.78,35.58,8.61,0.0,0.1967,-0.9805
2026-06-21,29.46,81.0,27.48,47.38,0.0,5.7,12.5,1020.03,0,True,6,2026,24,16.33,23.46,33.96,21.42,32.5,7.7,0.0,0.1798,-0.9837
2026-06-22,65.54,132.0,28.79,44.67,0.0,8.28,16.2,1017.45,1,False,6,2026,24,29.46,16.33,37.17,23.08,31.86,5.7,0.0,0.1628,-0.9867
2026-06-23,35.5,69.0,27.51,57.21,0.0,6.18,10.8,1014.62,2,False,6,2026,24,65.54,29.46,38.73,37.11,35.91,8.28,0.0,0.1458,-0.9893
2026-06-24,48.13,119.0,27.1,68.08,0.0,6.46,13.5,1013.08,3,False,6,2026,24,35.5,65.54,53.42,43.5,35.45,6.18,0.0,0.1287,-0.9917
2026-06-25,34.67,70.0,27.95,56.0,0.0,8.39,17.4,1012.97,4,False,6,2026,24,48.13,35.5,24.46,49.72,34.7,6.46,0.0,0.1117,-0.9937
2026-06-26,28.79,63.0,27.98,55.46,0.0,8.53,15.6,1014.65,5,False,6,2026,24,34.67,48.13,23.46,39.43,36.16,8.39,0.0,0.0945,-0.9955
2026-06-27,59.63,134.0,27.84,58.88,0.0,6.92,15.3,1015.86,6,True,6,2026,24,28.79,34.67,16.33,37.2,36.92,8.53,0.0,0.0774,-0.997
2026-06-28,41.75,110.0,28.38,55.92,0.0,6.98,14.2,1015.9,0,True,6,2026,24,59.63,28.79,29.46,41.03,43.1,6.92,0.0,0.0602,-0.9982
2026-06-29,25.21,75.0,29.33,54.38,1.4,8.45,15.0,1016.49,1,False,6,2026,24,41.75,59.63,65.54,43.39,44.86,6.98,0.0,0.043,-0.9991
2026-06-30,30.54,58.0,28.62,57.71,0.4,8.14,17.9,1016.3,2,False,6,2026,24,25.21,41.75,35.5,42.2,39.1,8.45,1.4,0.0258,-0.9997
2026-07-01,18.5,31.0,26.61,66.36,0.0,8.01,18.2,1015.92,3,False,7,2026,22,30.54,25.21,48.13,32.5,38.39,8.14,0.4,0.0086,-1.0
2026-07-02,22.2,41.0,26.7,53.65,0.0,7.28,18.2,1016.36,4,False,7,2026,20,18.5,30.54,34.67,24.75,34.16,8.01,0.0,-0.0086,-1.0
2026-07-03,22.75,59.0,26.94,47.33,0.0,9.52,21.6,1018.25,5,False,7,2026,24,22.2,18.5,28.79,23.75,32.37,7.28,0.0,-0.0258,-0.9997
2026-07-04,12.33,30.0,27.94,46.04,0.0,9.04,20.2,1019.75,6,True,7,2026,24,22.75,22.2,59.63,21.15,31.51,9.52,0.0,-0.043,-0.9991
2026-07-05,23.58,82.0,28.81,42.42,0.0,9.99,21.3,1017.89,0,True,7,2026,24,12.33,22.75,41.75,19.09,24.75,9.04,0.0,-0.0602,-0.9982
2026-07-06,43.29,158.0,28.67,46.71,0.0,8.92,19.4,1015.54,1,False,7,2026,24,23.58,12.33,25.21,19.55,22.16,9.99,0.0,-0.0774,-0.997
2026-07-07,39.33,114.0,27.98,54.63,0.0,7.34,13.8,1014.85,2,False,7,2026,24,43.29,23.58,30.54,26.4,24.74,8.92,0.0,-0.0945,-0.9955
2026-07-08,38.96,99.0,29.8,51.08,0.0,6.69,15.9,1012.71,3,False,7,2026,24,39.33,43.29,18.5,35.4,26.0,7.34,0.0,-0.1117,-0.9937
2026-07-09,51.63,146.0,30.01,40.08,0.0,6.49,15.6,1008.81,4,False,7,2026,24,38.96,39.33,22.2,40.53,28.92,6.69,0.0,-0.1287,-0.9917
2026-07-10,30.83,73.0,28.17,49.42,0.0,7.64,15.1,1007.71,5,False,7,2026,24,51.63,38.96,22.75,43.31,33.12,6.49,0.0,-0.1458,-0.9893
2026-07-11,9.04,22.0,26.45,76.46,0.0,9.97,17.5,1010.17,6,True,7,2026,24,30.83,51.63,12.33,40.47,34.28,7.64,0.0,-0.1628,-0.9867
2026-07-12,11.54,25.0,26.98,69.33,0.0,10.67,17.0,1011.82,0,True,7,2026,24,9.04,30.83,23.58,30.5,33.81,9.97,0.0,-0.1798,-0.9837
2026-07-13,18.29,40.0,27.38,65.17,0.0,8.9,17.0,1010.72,1,False,7,2026,24,11.54,9.04,43.29,17.14,32.09,10.67,0.0,-0.1967,-0.9805
2026-07-14,17.08,36.0,27.25,77.08,0.0,7.62,13.4,1012.75,2,False,7,2026,24,18.29,11.54,39.33,12.96,28.52,8.9,0.0,-0.2135,-0.9769
2026-07-15,18.88,35.0,29.51,69.25,0.0,10.4,25.4,1012.5,3,False,7,2026,24,17.08,18.29,38.96,15.64,25.34,7.62,0.0,-0.2303,-0.9731
2026-07-16,19.54,46.0,28.32,78.54,0.0,7.62,15.4,1012.62,4,False,7,2026,24,18.88,17.08,51.63,18.08,22.47,10.4,0.0,-0.247,-0.969
2026-07-17,20.95,38.0,28.18,75.18,0.0,8.46,18.4,1011.1,5,False,7,2026,22,19.54,18.88,30.83,18.5,17.89,7.62,0.0,-0.2637,-0.9646
2026-07-18,13.5,37.0,28.42,65.67,0.0,6.47,14.7,1011.16,6,True,7,2026,24,20.95,19.54,9.04,19.79,16.47,8.46,0.0,-0.2802,-0.9599
2026-07-19,17.08,44.0,29.43,56.88,0.0,6.36,16.4,1010.51,0,True,7,2026,24,13.5,20.95,11.54,18.0,17.11,6.47,0.0,-0.2967,-0.955
2026-07-20,26.91,49.0,29.11,59.91,0.0,6.57,15.2,1011.1,1,False,7,2026,23,17.08,13.5,18.29,17.18,17.9,6.36,0.0,-0.3131,-0.9497
2026-07-28,15.67,24.0,26.83,62.96,0.0,9.39,19.9,1015.18,2,False,7,2026,24,26.91,17.08,17.08,19.16,19.13,6.57,0.0,-0.4405,-0.8977
2026-07-29,16.58,29.0,28.15,66.5,0.0,9.91,19.1,1016.1,3,False,7,2026,24,15.67,26.91,18.88,19.89,18.93,9.39,0.0,-0.4559,-0.89
2026-07-30,17.54,28.0,28.12,64.5,0.0,10.43,20.0,1015.31,4,False,7,2026,24,16.58,15.67,19.54,19.72,18.6,9.91,0.0,-0.4712,-0.882
2026-07-31,13.25,29.0,27.58,70.08,0.0,8.46,17.6,1013.58,5,False,7,2026,24,17.54,16.58,20.95,16.6,18.32,10.43,0.0,-0.4863,-0.8738
2026-08-01,17.79,43.0,27.4,73.08,0.0,7.68,15.8,1012.4,6,True,8,2026,24,13.25,17.54,13.5,15.79,17.22,8.46,0.0,-0.5012,-0.8653
2026-08-02,21.67,38.0,28.04,75.21,0.0,6.29,14.5,1008.5,0,True,8,2026,24,17.79,13.25,17.08,16.19,17.83,7.68,0.0,-0.5161,-0.8566
2026-08-06,21.75,66.0,27.95,71.85,3.5,5.0,10.4,1015.3,4,False,8,2026,20,21.67,17.79,26.91,17.57,18.49,6.29,0.0,-0.5738,-0.819
2026-08-07,19.5,50.0,28.06,72.58,0.2,7.29,16.0,1014.55,5,False,8,2026,24,21.75,21.67,15.67,20.4,17.75,5.0,3.5,-0.5878,-0.809
