codi_eoi,magnitud,any,hora,valor_mitja
08019054,10,2026,11,20.9
08019054,10,2026,19,16.62
08019044,14,2026,6,49.2
08019044,14,2026,10,48.14
08019044,14,2026,15,78.02
08019044,14,2026,18,72.67
08019043,10,2026,5,18.64
08019043,10,2026,24,21.37
08019042,8,2026,5,16.92
08019042,8,2026,24,19.77
08019004,8,2026,4,20.02
08019004,8,2026,7,25.5
08019004,8,2026,13,18.92
08019004,8,2026,21,23.17
08019060,9,2026,3,12.34
08019060,9,2026,11,14.24
08019060,9,2026,19,9.63
08019060,1,2026,2,2.33
08019060,1,2026,22,2.39
08019058,8,2026,3,5.0
08019058,8,2026,11,14.59
08019058,8,2026,19,9.41
08019057,10,2026,8,22.0
08019057,10,2026,9,25.1
08019057,10,2026,14,17.79
08019057,10,2026,20,14.03
08019054,6,2026,8,0.3
08019054,6,2026,9,0.29
08019054,6,2026,14,0.22
08019054,6,2026,20,0.23
08019050,8,2026,5,19.1
08019050,8,2026,24,21.29
08019044,8,2026,3,20.73
08019044,8,2026,11,32.18
08019044,8,2026,19,27.29
08019054,12,2026,8,40.59
08019054,12,2026,9,35.15
08019054,12,2026,14,18.38
08019054,12,2026,20,18.73
08019054,7,2026,2,1.84
08019054,7,2026,22,2.42
08019054,8,2026,3,18.18
08019054,8,2026,11,20.57
08019054,8,2026,19,15.02
08019057,12,2026,5,14.22
08019057,12,2026,24,20.82
08019057,14,2026,8,39.85
08019057,14,2026,9,44.11
08019057,14,2026,14,82.94
08019057,14,2026,20,77.39
08019057,7,2026,1,2.12
08019057,7,2026,12,4.6
08019057,7,2026,16,2.61
08019057,7,2026,17,2.44
08019057,7,2026,23,2.29
08019057,8,2026,4,12.0
08019057,8,2026,7,19.86
08019057,8,2026,13,14.91
08019057,8,2026,21,18.09
08019058,12,2026,6,4.99
08019058,12,2026,10,14.05
08019058,12,2026,15,11.58
08019058,12,2026,18,10.27
08019058,14,2026,2,80.28
08019058,14,2026,22,78.75
08019060,10,2026,1,23.14
08019060,10,2026,12,30.94
08019060,10,2026,16,21.89
08019060,10,2026,17,22.03
08019060,10,2026,23,22.09
08019060,6,2026,3,0.24
08019060,6,2026,11,0.29
08019060,6,2026,19,0.3
08019050,7,2026,4,2.02
08019050,7,2026,7,3.45
08019050,7,2026,13,5.79
08019050,7,2026,21,2.26
08019050,14,2026,1,48.82
08019050,14,2026,12,62.82
08019050,14,2026,16,74.28
08019050,14,2026,17,74.59
08019050,14,2026,23,54.04
08019044,7,2026,6,4.48
08019044,7,2026,10,15.0
08019044,7,2026,15,6.43
08019044,7,2026,18,7.12
08019044,1,2026,4,2.19
08019044,1,2026,7,2.27
08019044,1,2026,13,2.63
08019044,1,2026,21,2.22
08019043,14,2026,6,45.18
08019043,14,2026,10,46.94
08019043,14,2026,15,78.61
08019043,14,2026,18,77.63
08019043,1,2026,1,3.35
08019043,1,2026,12,4.21
08019043,1,2026,16,3.88
08019043,1,2026,17,3.87
08019043,1,2026,23,3.37
08019043,9,2026,4,10.62
08019043,9,2026,7,10.58
08019043,9,2026,13,10.82
08019043,9,2026,21,10.09
08019044,12,2026,3,25.42
08019044,12,2026,11,50.42
08019044,12,2026,19,35.56
08019004,10,2026,2,17.77
08019004,10,2026,22,21.53
08019004,12,2026,2,22.65
08019004,12,2026,22,25.16
08019042,12,2026,2,17.35
08019042,12,2026,22,19.03
08019042,7,2026,5,1.58
08019042,7,2026,24,1.48
08019054,10,2026,3,15.86
08019054,1,2026,1,2.32
08019054,1,2026,12,2.57
08019054,1,2026,16,2.49
08019054,1,2026,17,2.38
08019054,1,2026,23,2.13
08019054,9,2026,6,8.12
08019054,9,2026,10,9.53
08019054,9,2026,15,8.41
08019054,9,2026,18,7.76
08019057,1,2026,3,1.39
08019057,1,2026,11,1.8
08019057,1,2026,19,1.54
08019057,9,2026,3,7.86
08019057,9,2026,11,9.59
08019057,9,2026,19,7.21
08019058,7,2026,4,1.06
08019058,7,2026,7,1.05
08019058,7,2026,13,1.89
08019058,7,2026,21,1.2
08019060,14,2026,4,40.85
08019060,14,2026,7,31.36
08019060,14,2026,13,65.18
08019060,14,2026,21,57.57
08019060,8,2026,1,27.34
08019060,8,2026,12,28.13
08019060,8,2026,16,20.56
08019060,8,2026,17,21.58
08019060,8,2026,23,29.38
08019043,7,2026,5,2.4
08019043,7,2026,24,2.69
08019050,12,2026,4,21.36
08019050,12,2026,7,26.69
08019050,12,2026,13,29.76
08019050,12,2026,21,25.51
08019060,12,2026,2,29.36
08019060,12,2026,22,38.72
08019043,10,2025,18,24.36
08019057,1,2025,5,1.48
08019057,1,2025,24,1.5
08019058,7,2025,4,1.19
08019058,7,2025,7,1.24
08019058,7,2025,13,2.39
08019058,7,2025,21,1.75
08019058,14,2025,1,74.09
08019058,14,2025,12,71.55
08019058,14,2025,16,80.16
08019058,14,2025,17,80.19
08019058,14,2025,23,74.1
08019057,6,2025,6,0.24
08019057,6,2025,10,0.33
08019057,6,2025,18,0.26
08019057,14,2025,4,56.25
08019057,14,2025,7,48.55
08019057,14,2025,21,67.16
08019057,12,2025,1,14.94
08019057,12,2025,17,13.62
08019057,12,2025,23,17.91
08019054,7,2025,1,3.23
08019054,7,2025,12,3.54
08019054,7,2025,16,2.08
08019054,7,2025,17,1.74
08019054,7,2025,23,4.37
08019054,6,2025,6,0.23
08019054,6,2025,10,0.26
08019054,6,2025,15,0.21
08019054,6,2025,18,0.22
08019050,12,2025,5,21.01
08019050,12,2025,24,26.7
08019044,8,2025,1,21.38
08019044,8,2025,12,28.11
08019044,8,2025,16,23.27
08019044,8,2025,17,24.69
08019044,8,2025,23,25.78
08019044,1,2025,1,1.98
08019044,1,2025,12,2.13
08019044,1,2025,16,2.07
08019044,1,2025,17,2.06
08019044,1,2025,23,1.98
08019043,8,2025,6,22.08
08019043,8,2025,10,38.71
08019043,8,2025,15,25.32
08019043,8,2025,18,28.75
08019054,12,2025,8,37.92
08019054,12,2025,9,36.6
08019054,12,2025,14,16.94
08019054,12,2025,20,27.3
08019043,14,2025,19,64.8
08019004,12,2025,4,22.54
08019004,12,2025,7,26.98
08019004,12,2025,13,25.71
08019004,12,2025,21,31.29
08019043,1,2025,6,1.83
08019043,1,2025,10,2.18
08019043,1,2025,15,2.18
08019043,1,2025,18,2.04
08019043,7,2025,8,13.95
08019043,7,2025,9,20.63
08019043,7,2025,14,9.42
08019043,7,2025,20,7.43
08019054,1,2025,3,2.03
08019054,1,2025,11,2.25
08019054,1,2025,19,2.15
08019004,8,2025,2,23.15
08019004,8,2025,22,25.79
08019054,9,2025,6,8.49
08019054,9,2025,10,9.43
08019054,9,2025,15,8.76
08019054,9,2025,18,8.17
08019043,9,2025,6,10.15
08019043,9,2025,10,12.61
08019043,9,2025,15,9.81
08019043,9,2025,18,9.49
08019043,6,2025,8,0.33
08019043,6,2025,9,0.43
08019043,6,2025,14,0.25
08019043,6,2025,20,0.33
08019058,10,2025,4,13.07
08019058,10,2025,7,13.7
08019058,10,2025,13,19.76
08019058,10,2025,21,30.63
08019057,10,2025,5,13.08
08019057,10,2025,24,14.91
08019043,10,2025,6,17.82
08019043,10,2025,10,30.07
08019043,10,2025,15,21.62
08019004,10,2025,6,14.52
08019004,10,2025,10,27.3
08019004,10,2025,15,22.49
08019004,10,2025,18,26.19
08019042,12,2025,1,20.75
08019042,12,2025,12,23.76
08019042,12,2025,16,14.36
08019042,12,2025,17,14.75
08019042,12,2025,23,24.03
08019042,7,2025,5,1.62
08019042,7,2025,24,2.28
08019042,8,2025,3,15.86
08019042,8,2025,11,21.27
08019042,8,2025,19,16.82
08019044,14,2025,8,37.42
08019044,14,2025,9,35.55
08019044,14,2025,14,62.34
08019044,14,2025,20,58.59
08019044,7,2025,3,3.3
08019044,7,2025,11,12.93
08019044,7,2025,19,6.66
08019050,14,2025,2,41.28
08019050,14,2025,22,53.49
08019050,7,2025,2,2.74
08019050,7,2025,22,2.67
08019050,8,2025,4,19.53
08019050,8,2025,7,21.1
08019050,8,2025,13,20.14
08019050,8,2025,21,25.23
08019054,10,2025,5,14.29
08019054,10,2025,24,16.66
08019054,14,2025,8,41.65
08019054,14,2025,9,45.52
08019054,14,2025,14,80.9
08019054,14,2025,20,70.1
08019057,12,2025,12,20.47
08019057,12,2025,16,13.14
08019057,14,2025,13,74.05
08019057,6,2025,15,0.26
08019057,7,2025,4,1.05
08019057,7,2025,7,2.35
08019057,7,2025,13,2.5
08019057,7,2025,21,1.94
08019057,9,2025,4,8.08
08019057,9,2025,7,8.48
08019057,9,2025,13,9.42
08019057,9,2025,21,8.24
08019058,12,2025,2,6.47
08019058,12,2025,22,10.01
08019043,14,2025,11,51.44
08019043,14,2025,3,49.36
08019060,10,2025,2,22.63
08019060,10,2025,22,26.0
08019060,14,2025,5,26.95
08019060,14,2025,24,21.62
08019060,6,2025,3,0.23
08019060,6,2025,11,0.27
08019060,6,2025,19,0.42
08019060,1,2025,4,2.56
08019060,1,2025,7,2.58
08019060,1,2025,13,2.7
08019060,1,2025,21,2.91
08019057,14,2024,5,54.34
08019057,14,2024,24,56.39
08019044,8,2024,3,19.24
08019044,8,2024,11,32.46
08019044,8,2024,19,27.52
08019054,12,2024,8,39.3
08019054,12,2024,9,37.82
08019054,12,2024,14,18.47
08019054,12,2024,20,29.78
08019044,7,2024,3,4.57
08019044,7,2024,11,17.17
08019044,7,2024,19,7.18
08019057,10,2024,8,16.0
08019057,10,2024,9,21.2
08019057,10,2024,14,19.44
08019057,10,2024,20,16.62
08019004,12,2024,2,28.26
08019004,12,2024,22,35.98
08019054,7,2024,6,2.39
08019054,7,2024,10,6.61
08019054,7,2024,15,2.89
08019054,7,2024,18,4.32
08019004,10,2024,3,15.41
08019004,10,2024,11,27.64
08019004,10,2024,19,25.31
08019043,10,2024,8,21.53
08019043,10,2024,9,26.82
08019043,10,2024,14,23.89
08019043,10,2024,20,22.64
08019054,1,2024,3,1.39
08019054,1,2024,11,1.63
08019054,1,2024,19,1.54
08019044,14,2024,4,49.47
08019044,14,2024,7,42.14
08019044,14,2024,13,56.87
08019044,14,2024,21,54.21
08019050,12,2024,5,23.96
08019050,12,2024,24,33.02
08019004,8,2024,1,26.68
08019004,8,2024,12,23.38
08019004,8,2024,16,15.76
08019004,8,2024,17,16.69
08019004,8,2024,23,27.18
08019042,12,2024,5,17.53
08019042,12,2024,24,26.41
08019042,7,2024,5,2.12
08019042,7,2024,24,3.35
08019043,14,2024,2,45.87
08019043,14,2024,22,48.56
08019043,1,2024,6,1.61
08019043,1,2024,10,2.01
08019043,1,2024,15,2.1
08019043,1,2024,18,1.91
08019043,6,2024,5,0.24
08019043,6,2024,24,0.37
08019043,7,2024,6,6.94
08019043,7,2024,10,26.0
08019043,7,2024,15,12.3
08019043,7,2024,18,11.61
08019043,9,2024,1,11.47
08019043,9,2024,12,10.6
08019043,9,2024,16,9.49
08019043,9,2024,17,9.53
08019043,9,2024,23,12.25
08019044,1,2024,3,1.69
08019044,1,2024,11,1.98
08019044,1,2024,19,1.72
08019050,14,2024,3,37.41
08019050,14,2024,11,44.17
08019050,14,2024,19,60.39
08019050,7,2024,2,4.24
08019050,7,2024,22,3.63
08019054,14,2024,4,50.55
08019054,14,2024,7,42.49
08019054,14,2024,13,72.12
08019054,14,2024,21,61.08
08019054,6,2024,6,0.22
08019054,6,2024,10,0.24
08019054,6,2024,15,0.21
08019054,6,2024,18,0.22
08019054,8,2024,5,15.83
08019054,8,2024,24,25.95
08019054,9,2024,3,8.11
08019054,9,2024,11,8.7
08019054,9,2024,19,9.53
08019057,12,2024,2,14.23
08019057,12,2024,22,24.66
08019057,1,2024,5,1.89
08019057,1,2024,24,1.9
08019057,6,2024,1,0.27
08019057,6,2024,12,0.28
08019057,6,2024,16,0.27
08019057,6,2024,17,0.26
08019057,6,2024,23,0.3
08019057,7,2024,5,1.05
08019057,7,2024,24,2.22
08019057,8,2024,5,9.91
08019057,8,2024,24,17.78
08019057,9,2024,2,8.21
08019057,9,2024,22,9.5
08019058,10,2024,2,12.29
08019058,10,2024,22,15.18
08019058,12,2024,4,5.2
08019058,12,2024,7,4.43
08019058,12,2024,13,13.91
08019058,12,2024,21,9.76
08019058,14,2024,1,76.46
08019058,14,2024,12,70.32
08019058,14,2024,16,81.35
08019058,14,2024,17,80.77
08019058,14,2024,23,76.42
08019058,7,2024,4,1.03
08019058,7,2024,7,1.02
08019058,7,2024,13,2.51
08019058,7,2024,21,1.12
08019058,8,2024,2,5.79
08019058,8,2024,22,8.22
08019054,12,2023,1,25.6
08019054,12,2023,12,24.88
08019054,12,2023,16,18.87
08019054,12,2023,17,20.81
08019054,12,2023,23,35.07
08019004,8,2023,4,23.03
08019004,8,2023,7,23.01
08019004,8,2023,13,27.61
08019004,8,2023,21,34.59
08019043,6,2023,2,0.33
08019043,6,2023,22,0.59
08019043,7,2023,1,16.35
08019043,7,2023,12,17.69
08019043,7,2023,16,12.61
08019043,7,2023,17,14.36
08019043,7,2023,23,20.72
08019042,12,2023,1,32.94
08019042,12,2023,12,30.43
08019042,12,2023,16,19.91
08019042,12,2023,17,21.28
08019042,12,2023,23,45.22
08019058,14,2023,8,66.23
08019058,14,2023,9,64.35
08019058,14,2023,14,67.65
08019058,14,2023,20,68.72
08019044,7,2023,3,2.47
08019044,7,2023,11,9.88
08019044,7,2023,19,7.57
08019043,14,2023,6,34.58
08019043,14,2023,10,24.43
08019043,14,2023,15,46.93
08019043,14,2023,18,38.69
08019044,1,2023,6,2.01
08019044,1,2023,10,2.36
08019044,1,2023,15,2.42
08019044,1,2023,18,2.06
08019057,1,2023,6,2.21
08019057,1,2023,10,2.39
08019057,1,2023,15,2.58
08019057,1,2023,18,2.31
08019050,7,2023,6,2.99
08019050,7,2023,10,21.39
08019050,7,2023,15,6.06
08019050,7,2023,18,5.24
08019054,1,2023,3,1.14
08019054,1,2023,11,1.4
08019054,1,2023,19,1.26
08019054,8,2023,5,13.16
08019054,8,2023,24,24.86
08019042,7,2023,8,6.25
08019042,7,2023,9,11.42
08019042,7,2023,14,3.83
08019042,7,2023,20,5.61
08019004,7,2023,5,2.44
08019004,7,2023,24,8.76
08019042,8,2023,2,21.51
08019042,8,2023,22,33.05
08019057,12,2023,8,26.14
08019057,12,2023,9,41.65
08019057,12,2023,14,19.29
08019057,12,2023,20,36.61
08019058,7,2023,8,1.21
08019058,7,2023,9,1.31
08019058,7,2023,14,3.0
08019058,7,2023,20,1.17
08019043,8,2023,4,25.87
08019043,8,2023,7,31.29
08019043,8,2023,13,33.43
08019043,8,2023,21,48.84
08019044,14,2023,8,32.84
08019044,14,2023,9,29.01
08019044,14,2023,14,50.62
08019044,14,2023,20,38.31
08019057,14,2023,6,48.65
08019057,14,2023,10,40.48
08019057,14,2023,15,64.1
08019057,14,2023,18,56.01
08019058,12,2023,5,5.42
08019058,12,2023,24,6.29
08019054,14,2023,3,51.28
08019054,14,2023,11,51.31
08019054,14,2023,19,52.52
08019043,10,2023,5,15.36
08019043,10,2023,24,26.51
08019058,10,2023,5,11.4
08019058,10,2023,24,12.5
08019058,8,2023,4,5.42
08019058,8,2023,7,4.01
08019058,8,2023,13,10.98
08019058,8,2023,21,8.43
08019054,6,2023,5,0.21
08019054,6,2023,24,0.27
08019057,10,2023,2,9.62
08019057,10,2023,22,24.01
08019050,14,2023,1,27.63
08019050,14,2023,12,37.68
08019050,14,2023,16,53.36
08019050,14,2023,17,51.19
08019050,14,2023,23,27.94
08019004,10,2023,4,14.45
08019004,10,2023,7,14.71
08019004,10,2023,13,29.83
08019004,10,2023,21,24.9
08019004,12,2023,1,44.15
08019004,12,2023,12,50.72
08019004,12,2023,16,29.62
08019004,12,2023,17,30.6
08019004,12,2023,23,50.65
08019044,10,2023,6,13.57
08019044,10,2023,10,27.8
08019044,10,2023,15,25.46
08019044,10,2023,18,30.92
08019044,8,2023,5,14.51
08019044,8,2023,24,29.51
08019050,8,2023,3,26.72
08019050,8,2023,11,35.67
08019050,8,2023,19,33.58
08019054,10,2023,2,13.59
08019054,10,2023,22,21.55
08019054,7,2023,1,3.44
08019054,7,2023,12,5.83
08019054,7,2023,16,2.79
08019054,7,2023,17,2.61
08019054,7,2023,23,5.24
08019044,6,2023,4,0.25
08019044,6,2023,7,0.26
08019044,6,2023,13,0.33
08019044,6,2023,21,0.44
08019057,6,2023,5,0.29
08019057,6,2023,24,0.34
08019060,12,2025,1,51.43
08019060,12,2025,12,57.3
08019060,12,2025,16,41.01
08019060,12,2025,17,43.08
08019060,12,2025,23,68.88
08019060,8,2025,8,29.92
08019060,8,2025,9,34.02
08019060,8,2025,14,23.59
08019060,8,2025,20,43.94
08019060,9,2025,5,10.96
08019060,9,2025,24,15.83
08019054,10,2026,8,17.86
08019054,10,2026,9,18.56
08019054,10,2026,14,19.77
08019054,10,2026,20,16.87
08019044,14,2026,5,53.6
08019044,14,2026,24,60.79
08019043,10,2026,6,18.28
08019043,10,2026,10,29.1
08019043,10,2026,15,22.03
08019043,10,2026,18,22.33
08019042,8,2026,6,17.16
08019042,8,2026,10,31.15
08019042,8,2026,15,14.09
08019042,8,2026,18,14.11
08019004,8,2026,1,23.82
08019004,8,2026,12,22.37
08019004,8,2026,16,14.8
08019004,8,2026,17,15.93
08019004,8,2026,23,25.24
08019060,9,2026,8,13.38
08019060,9,2026,9,15.84
08019060,9,2026,14,10.86
08019060,9,2026,20,9.94
08019058,8,2026,8,4.55
08019058,8,2026,9,7.13
08019058,8,2026,14,11.08
08019058,8,2026,20,9.75
08019058,10,2026,2,17.81
08019058,10,2026,22,23.04
08019057,10,2026,3,12.98
08019057,10,2026,11,19.7
08019057,10,2026,19,14.44
08019054,6,2026,3,0.23
08019054,6,2026,11,0.25
08019054,6,2026,19,0.22
08019050,8,2026,6,19.49
08019050,8,2026,10,33.36
08019050,8,2026,15,18.08
08019050,8,2026,18,18.75
08019044,8,2026,8,33.56
08019044,8,2026,9,39.64
08019044,8,2026,14,26.4
08019044,8,2026,20,26.93
08019043,8,2026,2,22.55
08019043,8,2026,22,28.71
08019004,7,2026,2,1.55
08019004,7,2026,22,1.95
08019054,12,2026,3,19.43
08019054,12,2026,11,28.19
08019054,12,2026,19,16.4
08019054,14,2026,2,58.44
08019054,14,2026,22,68.61
08019054,8,2026,8,30.41
08019054,8,2026,9,25.44
08019054,8,2026,14,14.78
08019054,8,2026,20,17.06
08019057,12,2026,6,15.77
08019057,12,2026,10,37.57
08019057,12,2026,15,14.94
08019057,12,2026,18,14.82
08019057,14,2026,3,55.89
08019057,14,2026,11,65.08
08019057,14,2026,19,81.67
08019057,7,2026,4,2.0
08019057,7,2026,7,3.16
08019057,7,2026,13,3.89
08019057,7,2026,21,2.38
08019057,8,2026,1,16.55
08019057,8,2026,12,16.04
08019057,8,2026,16,9.91
08019057,8,2026,17,10.18
08019057,8,2026,23,19.31
08019058,12,2026,5,4.97
08019058,12,2026,24,10.46
08019060,10,2026,4,20.9
08019060,10,2026,7,21.53
08019060,10,2026,13,26.97
08019060,10,2026,21,20.32
08019060,6,2026,8,0.28
08019060,6,2026,9,0.32
08019060,6,2026,14,0.27
08019060,6,2026,20,0.31
08019060,7,2026,2,3.53
08019060,7,2026,22,6.71
08019050,7,2026,1,2.28
08019050,7,2026,12,5.96
08019050,7,2026,16,3.77
08019050,7,2026,17,3.33
08019050,7,2026,23,1.76
08019050,14,2026,4,39.47
08019050,14,2026,7,32.98
08019050,14,2026,13,68.06
08019050,14,2026,21,61.19
08019044,7,2026,5,2.76
08019044,7,2026,24,4.22
08019044,1,2026,1,2.22
08019044,1,2026,12,2.66
08019044,1,2026,16,2.49
08019044,1,2026,17,2.44
08019044,1,2026,23,2.16
08019043,14,2026,5,48.49
08019043,14,2026,24,57.17
08019043,1,2026,4,3.38
08019043,1,2026,7,3.44
08019043,1,2026,13,4.17
08019043,1,2026,21,3.5
08019043,9,2026,1,11.13
08019043,9,2026,12,11.38
08019043,9,2026,16,9.34
08019043,9,2026,17,9.22
08019043,9,2026,23,11.39
08019044,12,2026,8,50.54
08019044,12,2026,9,68.43
08019044,12,2026,14,39.52
08019044,12,2026,20,33.83
08019042,7,2026,6,1.54
08019042,7,2026,10,8.07
08019042,7,2026,15,1.89
08019042,7,2026,18,1.33
08019043,6,2026,2,0.23
08019043,6,2026,22,0.27
08019054,1,2026,4,2.23
08019054,1,2026,7,2.22
08019054,1,2026,13,2.57
08019054,1,2026,21,2.14
08019054,9,2026,5,8.15
08019054,9,2026,24,8.49
08019057,1,2026,8,1.47
08019057,1,2026,9,1.65
08019057,1,2026,14,1.84
08019057,1,2026,20,1.44
08019057,9,2026,8,9.48
08019057,9,2026,9,10.43
08019057,9,2026,14,8.39
08019057,9,2026,20,7.28
08019058,7,2026,1,1.37
08019058,7,2026,12,2.05
08019058,7,2026,16,1.38
08019058,7,2026,17,1.25
08019058,7,2026,23,2.08
08019060,14,2026,1,44.06
08019060,14,2026,12,57.97
08019060,14,2026,16,73.41
08019060,14,2026,17,72.09
08019060,14,2026,23,50.29
08019060,8,2026,4,20.65
08019060,8,2026,7,26.21
08019060,8,2026,13,25.75
08019060,8,2026,21,29.28
08019043,7,2026,6,2.75
08019043,7,2026,10,16.55
08019043,7,2026,15,6.65
08019043,7,2026,18,5.36
08019050,12,2026,1,23.29
08019050,12,2026,12,32.27
08019050,12,2026,16,23.16
08019050,12,2026,17,22.53
08019050,12,2026,23,23.88
08019057,6,2026,2,0.28
08019057,6,2026,22,0.34
08019043,10,2025,24,21.42
08019057,1,2025,6,1.48
08019057,1,2025,10,1.7
08019057,1,2025,18,1.65
08019058,7,2025,1,1.56
08019058,7,2025,12,2.14
08019058,7,2025,16,1.82
08019058,7,2025,17,1.74
08019058,7,2025,23,1.97
08019058,14,2025,4,75.39
08019058,14,2025,7,72.99
08019058,14,2025,13,75.29
08019058,14,2025,21,73.71
08019057,6,2025,5,0.23
08019057,6,2025,24,0.27
08019057,14,2025,1,57.74
08019057,14,2025,17,82.6
08019057,14,2025,23,61.99
08019057,12,2025,4,10.22
08019057,12,2025,7,18.33
08019057,12,2025,21,20.5
08019054,7,2025,4,2.08
08019054,7,2025,7,4.41
08019054,7,2025,13,3.17
08019054,7,2025,21,4.93
08019054,6,2025,5,0.21
08019054,6,2025,24,0.25
08019050,12,2025,6,21.02
08019050,12,2025,10,50.58
08019050,12,2025,15,23.37
08019050,12,2025,18,24.79
08019044,8,2025,4,17.45
08019044,8,2025,7,22.41
08019044,8,2025,13,27.1
08019044,8,2025,21,29.67
08019044,1,2025,4,1.97
08019044,1,2025,7,1.98
08019044,1,2025,13,2.12
08019044,1,2025,21,2.04
08019043,8,2025,5,20.45
08019043,8,2025,24,29.5
08019044,12,2025,2,24.78
08019044,12,2025,22,39.03
08019057,1,2025,15,1.77
08019054,12,2025,3,19.89
08019054,12,2025,11,23.77
08019054,12,2025,19,22.72
08019043,14,2025,20,60.5
08019004,7,2025,2,2.72
08019004,7,2025,22,4.16
08019004,12,2025,1,29.22
08019004,12,2025,12,33.24
08019004,12,2025,16,17.54
08019004,12,2025,17,17.83
08019004,12,2025,23,30.8
08019043,1,2025,5,1.82
08019043,1,2025,24,1.92
08019043,7,2025,3,3.7
08019043,7,2025,11,13.07
08019043,7,2025,19,7.62
08019054,1,2025,8,2.06
08019054,1,2025,9,2.13
08019054,1,2025,14,2.29
08019054,1,2025,20,2.11
08019058,8,2025,2,5.19
08019058,8,2025,22,8.12
08019054,9,2025,5,8.61
08019054,9,2025,24,9.03
08019043,9,2025,5,10.28
08019043,9,2025,24,12.01
08019043,6,2025,3,0.23
08019043,6,2025,11,0.28
08019043,6,2025,19,0.31
08019058,10,2025,1,20.14
08019058,10,2025,12,21.0
08019058,10,2025,16,18.96
08019058,10,2025,17,18.31
08019058,10,2025,23,20.0
08019057,10,2025,6,13.03
08019057,10,2025,10,22.56
08019057,10,2025,15,17.65
08019057,10,2025,18,18.19
08019043,10,2025,5,17.99
08019004,10,2025,5,15.06
08019004,10,2025,24,19.47
08019042,12,2025,4,16.65
08019042,12,2025,7,18.07
08019042,12,2025,13,19.98
08019042,12,2025,21,24.2
08019042,7,2025,6,1.39
08019042,7,2025,10,8.75
08019042,7,2025,15,2.1
08019042,7,2025,18,1.61
08019042,8,2025,8,22.07
08019042,8,2025,9,26.88
08019042,8,2025,14,14.51
08019042,8,2025,20,20.1
08019044,14,2025,3,51.55
08019044,14,2025,11,47.12
08019044,14,2025,19,61.14
08019044,7,2025,8,12.23
08019044,7,2025,9,20.53
08019044,7,2025,14,9.19
08019044,7,2025,20,6.23
08019050,8,2025,1,22.33
08019050,8,2025,12,24.01
08019050,8,2025,16,17.99
08019050,8,2025,17,18.96
08019050,8,2025,23,23.48
08019054,10,2025,6,14.16
08019054,10,2025,10,19.24
08019054,10,2025,15,17.52
08019054,10,2025,18,17.79
08019054,14,2025,3,53.29
08019054,14,2025,11,62.07
08019054,14,2025,19,75.43
08019054,8,2025,2,19.35
08019054,8,2025,22,24.94
08019057,12,2025,13,16.72
08019057,14,2025,12,68.24
08019057,14,2025,16,83.47
08019057,7,2025,1,1.19
08019057,7,2025,12,3.59
08019057,7,2025,16,1.84
08019057,7,2025,17,1.74
08019057,7,2025,23,1.52
08019057,8,2025,2,12.64
08019057,8,2025,22,18.49
08019057,9,2025,1,8.62
08019057,9,2025,12,9.75
08019057,9,2025,16,8.83
08019057,9,2025,17,8.37
08019057,9,2025,23,8.6
08019043,14,2025,14,68.84
08019043,14,2025,8,33.95
08019043,14,2025,9,33.97
08019060,14,2025,6,23.51
08019060,14,2025,10,20.92
08019060,14,2025,15,47.45
08019060,14,2025,18,39.09
08019060,6,2025,8,0.26
08019060,6,2025,9,0.3
08019060,6,2025,14,0.26
08019060,6,2025,20,0.47
08019060,1,2025,1,2.72
08019060,1,2025,12,2.83
08019060,1,2025,16,2.72
08019060,1,2025,17,2.7
08019060,1,2025,23,2.81
08019057,14,2024,6,52.43
08019057,14,2024,10,50.12
08019057,14,2024,15,77.57
08019057,14,2024,18,75.07
08019044,8,2024,8,31.5
08019044,8,2024,9,37.65
08019044,8,2024,14,27.71
08019044,8,2024,20,29.79
08019054,12,2024,3,19.63
08019054,12,2024,11,26.15
08019054,12,2024,19,28.18
08019044,7,2024,8,14.25
08019044,7,2024,9,24.07
08019044,7,2024,14,11.66
08019044,7,2024,20,8.25
08019057,10,2024,3,12.53
08019057,10,2024,11,21.78
08019057,10,2024,19,17.0
08019043,8,2024,2,26.6
08019043,8,2024,22,37.41
08019004,7,2024,2,3.44
08019004,7,2024,22,6.49
08019054,7,2024,5,2.1
08019054,7,2024,24,4.3
08019004,10,2024,8,24.73
08019004,10,2024,9,24.41
08019004,10,2024,14,24.8
08019004,10,2024,20,24.23
08019043,10,2024,3,17.55
08019043,10,2024,11,26.68
08019043,10,2024,19,23.29
08019054,1,2024,8,1.43
08019054,1,2024,9,1.48
08019054,1,2024,14,1.75
08019054,1,2024,20,1.5
08019044,14,2024,1,51.4
08019044,14,2024,12,52.46
08019044,14,2024,16,66.47
08019044,14,2024,17,65.84
08019044,14,2024,23,52.88
08019050,8,2024,2,24.15
08019050,8,2024,22,26.14
08019050,12,2024,6,23.57
08019050,12,2024,10,60.02
08019050,12,2024,15,25.55
08019050,12,2024,18,27.92
08019004,8,2024,4,20.79
08019004,8,2024,7,25.37
08019004,8,2024,13,20.61
08019004,8,2024,21,26.5
08019042,12,2024,6,17.43
08019042,12,2024,10,43.21
08019042,12,2024,15,16.99
08019042,12,2024,18,17.9
08019042,7,2024,6,1.92
08019042,7,2024,10,10.46
08019042,7,2024,15,2.47
08019042,7,2024,18,1.9
08019042,8,2024,2,18.05
08019042,8,2024,22,23.38
08019043,1,2024,5,1.61
08019043,1,2024,24,1.81
08019043,6,2024,6,0.25
08019043,6,2024,10,0.45
08019043,6,2024,15,0.33
08019043,6,2024,18,0.35
08019043,7,2024,5,5.82
08019043,7,2024,24,9.88
08019043,9,2024,4,9.96
08019043,9,2024,7,9.72
08019043,9,2024,13,10.08
08019043,9,2024,21,11.01
08019044,12,2024,2,29.41
08019044,12,2024,22,41.71
08019044,1,2024,8,1.82
08019044,1,2024,9,1.97
08019044,1,2024,14,1.96
08019044,1,2024,20,1.72
08019050,14,2024,8,27.04
08019050,14,2024,9,28.09
08019050,14,2024,14,62.41
08019050,14,2024,20,56.11
08019054,10,2024,2,15.4
08019054,10,2024,22,21.7
08019054,14,2024,1,50.22
08019054,14,2024,12,66.21
08019054,14,2024,16,81.04
08019054,14,2024,17,79.71
08019054,14,2024,23,53.7
08019054,6,2024,5,0.21
08019054,6,2024,24,0.25
08019054,8,2024,6,18.2
08019054,8,2024,10,20.44
08019054,8,2024,15,12.55
08019054,8,2024,18,16.71
08019054,9,2024,8,8.45
08019054,9,2024,9,8.46
08019054,9,2024,14,9.34
08019054,9,2024,20,9.38
08019057,1,2024,6,1.87
08019057,1,2024,10,2.17
08019057,1,2024,15,2.31
08019057,1,2024,18,2.18
08019057,6,2024,4,0.25
08019057,6,2024,7,0.28
08019057,6,2024,13,0.27
08019057,6,2024,21,0.31
08019057,7,2024,6,1.08
08019057,7,2024,10,10.06
08019057,7,2024,15,2.3
08019057,7,2024,18,2.4
08019057,8,2024,6,10.87
08019057,8,2024,10,22.36
08019057,8,2024,15,11.41
08019057,8,2024,18,15.24
08019058,12,2024,1,6.41
08019058,12,2024,12,14.74
08019058,12,2024,16,11.54
08019058,12,2024,17,11.01
08019058,12,2024,23,7.76
08019058,14,2024,4,75.78
08019058,14,2024,7,74.9
08019058,14,2024,13,74.16
08019058,14,2024,21,76.56
08019058,7,2024,1,1.02
08019058,7,2024,12,2.77
08019058,7,2024,16,1.8
08019058,7,2024,17,1.5
08019058,7,2024,23,1.03
08019044,10,2024,2,19.4
08019044,10,2024,22,27.3
08019054,12,2023,4,15.69
08019054,12,2023,7,19.43
08019054,12,2023,13,22.98
08019054,12,2023,21,42.37
08019004,8,2023,1,32.77
08019004,8,2023,12,29.24
08019004,8,2023,16,22.5
08019004,8,2023,17,23.59
08019004,8,2023,23,35.58
08019043,7,2023,4,6.91
08019043,7,2023,7,12.62
08019043,7,2023,13,16.29
08019043,7,2023,21,22.14
08019042,12,2023,4,20.54
08019042,12,2023,7,23.08
08019042,12,2023,13,24.72
08019042,12,2023,21,42.18
08019058,14,2023,3,68.57
08019058,14,2023,11,63.32
08019058,14,2023,19,69.9
08019057,9,2023,2,7.07
08019057,9,2023,22,16.14
08019044,7,2023,8,8.49
08019044,7,2023,9,13.57
08019044,7,2023,14,8.71
08019044,7,2023,20,9.49
08019044,12,2023,2,24.29
08019044,12,2023,22,51.12
08019043,14,2023,5,35.98
08019043,14,2023,24,25.55
08019057,7,2023,2,1.24
08019057,7,2023,22,6.59
08019044,1,2023,5,2.0
08019044,1,2023,24,2.01
08019057,1,2023,5,2.17
08019057,1,2023,24,2.24
08019050,7,2023,5,2.62
08019050,7,2023,24,9.34
08019054,1,2023,8,1.13
08019054,1,2023,9,1.27
08019054,1,2023,14,1.54
08019054,1,2023,20,1.2
08019054,8,2023,6,13.19
08019054,8,2023,10,20.89
08019054,8,2023,15,14.37
08019054,8,2023,18,22.51
08019042,7,2023,3,3.07
08019042,7,2023,11,9.29
08019042,7,2023,19,3.72
08019004,7,2023,6,2.71
08019004,7,2023,10,20.82
08019004,7,2023,15,4.93
08019004,7,2023,18,5.8
08019057,12,2023,3,13.8
08019057,12,2023,11,28.95
08019057,12,2023,19,31.65
08019058,7,2023,3,1.22
08019058,7,2023,11,2.02
08019058,7,2023,19,1.22
08019043,9,2023,2,10.93
08019043,9,2023,22,13.8
08019043,8,2023,1,39.0
08019043,8,2023,12,35.17
08019043,8,2023,16,31.86
08019043,8,2023,17,36.23
08019043,8,2023,23,46.52
08019044,14,2023,3,40.85
08019044,14,2023,11,39.9
08019044,14,2023,19,42.01
08019057,14,2023,5,48.55
08019057,14,2023,24,41.26
08019058,12,2023,6,4.64
08019058,12,2023,10,7.99
08019058,12,2023,15,14.02
08019058,12,2023,18,12.48
08019054,14,2023,8,41.81
08019054,14,2023,9,39.35
08019054,14,2023,14,63.88
08019054,14,2023,20,49.06
08019043,10,2023,6,14.7
08019043,10,2023,10,34.72
08019043,10,2023,15,29.35
08019043,10,2023,18,39.59
08019058,10,2023,6,10.85
08019058,10,2023,10,14.28
08019058,10,2023,15,18.91
08019058,10,2023,18,17.67
08019058,8,2023,1,6.35
08019058,8,2023,12,9.75
08019058,8,2023,16,11.78
08019058,8,2023,17,11.92
08019058,8,2023,23,6.87
08019054,6,2023,6,0.21
08019054,6,2023,10,0.26
08019054,6,2023,15,0.22
08019054,6,2023,18,0.25
08019043,1,2023,2,1.72
08019043,1,2023,22,1.85
08019050,12,2023,2,38.19
08019050,12,2023,22,46.99
08019050,14,2023,4,28.73
08019050,14,2023,7,28.06
08019050,14,2023,13,45.52
08019050,14,2023,21,33.93
08019004,10,2023,1,18.86
08019004,10,2023,12,31.36
08019004,10,2023,16,25.14
08019004,10,2023,17,34.29
08019004,10,2023,23,20.97
08019004,12,2023,4,27.0
08019004,12,2023,7,29.53
08019004,12,2023,13,45.6
08019004,12,2023,21,49.33
08019044,10,2023,5,13.1
08019044,10,2023,24,21.87
08019044,8,2023,6,15.35
08019044,8,2023,10,30.66
08019044,8,2023,15,23.12
08019044,8,2023,18,29.39
08019050,8,2023,8,30.36
08019050,8,2023,9,36.36
08019050,8,2023,14,25.64
08019050,8,2023,20,34.98
08019057,8,2023,2,12.52
08019057,8,2023,22,27.13
08019054,7,2023,4,1.9
08019054,7,2023,7,2.51
08019054,7,2023,13,5.09
08019054,7,2023,21,8.81
08019044,6,2023,1,0.31
08019044,6,2023,12,0.32
08019044,6,2023,16,0.33
08019044,6,2023,17,0.33
08019044,6,2023,23,0.38
08019057,6,2023,6,0.29
08019057,6,2023,10,0.37
08019057,6,2023,15,0.28
08019057,6,2023,18,0.29
08019060,12,2025,4,31.1
08019060,12,2025,7,37.57
08019060,12,2025,13,41.58
08019060,12,2025,21,84.93
08019060,8,2025,3,25.34
08019060,8,2025,11,30.23
08019060,8,2025,19,39.7
08019060,9,2025,6,10.75
08019060,9,2025,10,13.02
08019060,9,2025,15,9.81
08019060,9,2025,18,10.0
08019060,7,2025,2,10.12
08019060,7,2025,22,22.43
08019054,10,2026,4,14.84
08019054,10,2026,7,15.06
08019054,10,2026,13,19.88
08019054,10,2026,21,18.22
08019044,14,2026,2,57.62
08019044,14,2026,22,64.56
08019004,8,2026,3,21.37
08019004,8,2026,11,27.6
08019004,8,2026,19,18.8
08019060,9,2026,4,12.02
08019060,9,2026,7,12.15
08019060,9,2026,13,11.46
08019060,9,2026,21,10.59
08019060,1,2026,6,2.29
08019060,1,2026,10,2.7
08019060,1,2026,15,2.63
08019060,1,2026,18,2.56
08019058,8,2026,4,4.22
08019058,8,2026,7,4.08
08019058,8,2026,13,12.34
08019058,8,2026,21,9.41
08019058,10,2026,5,17.13
08019058,10,2026,24,35.28
08019057,10,2026,1,14.34
08019057,10,2026,12,19.82
08019057,10,2026,16,15.15
08019057,10,2026,17,15.17
08019057,10,2026,23,14.1
08019054,6,2026,1,0.25
08019054,6,2026,12,0.24
08019054,6,2026,16,0.21
08019054,6,2026,17,0.21
08019054,6,2026,23,0.27
08019044,8,2026,4,19.93
08019044,8,2026,7,26.95
08019044,8,2026,13,29.48
08019044,8,2026,21,26.87
08019043,8,2026,5,21.55
08019043,8,2026,24,26.6
08019004,7,2026,5,1.21
08019004,7,2026,24,2.48
08019054,12,2026,1,25.91
08019054,12,2026,12,23.07
08019054,12,2026,16,13.58
08019054,12,2026,17,14.61
08019054,12,2026,23,29.28
08019054,14,2026,5,58.66
08019054,14,2026,24,58.93
08019054,7,2026,6,2.14
08019054,7,2026,10,5.75
08019054,7,2026,15,2.15
08019054,7,2026,18,2.01
08019054,8,2026,4,17.12
08019054,8,2026,7,26.88
08019054,8,2026,13,15.66
08019054,8,2026,21,20.35
08019057,14,2026,1,57.59
08019057,14,2026,12,73.36
08019057,14,2026,16,87.18
08019057,14,2026,17,86.74
08019057,14,2026,23,62.14
08019057,7,2026,8,7.52
08019057,7,2026,9,11.14
08019057,7,2026,14,3.19
08019057,7,2026,20,2.37
08019057,8,2026,3,12.85
08019057,8,2026,11,18.5
08019057,8,2026,19,13.9
08019058,12,2026,2,6.75
08019058,12,2026,22,9.85
08019058,14,2026,6,80.73
08019058,14,2026,10,71.24
08019058,14,2026,15,87.13
08019058,14,2026,18,85.11
08019060,10,2026,8,29.7
08019060,10,2026,9,45.91
08019060,10,2026,14,24.31
08019060,10,2026,20,19.93
08019060,6,2026,4,0.22
08019060,6,2026,7,0.24
08019060,6,2026,13,0.27
08019060,6,2026,21,0.33
08019060,7,2026,5,2.57
08019060,7,2026,24,6.47
08019050,7,2026,3,2.12
08019050,7,2026,11,7.99
08019050,7,2026,19,3.14
08019050,14,2026,8,30.16
08019050,14,2026,9,33.86
08019050,14,2026,14,71.69
08019050,14,2026,20,64.94
08019044,7,2026,2,3.47
08019044,7,2026,22,4.09
08019044,1,2026,3,2.18
08019044,1,2026,11,2.59
08019044,1,2026,19,2.32
08019043,14,2026,2,54.61
08019043,14,2026,22,62.17
08019043,1,2026,8,3.59
08019043,1,2026,9,3.86
08019043,1,2026,14,4.16
08019043,1,2026,20,3.56
08019043,9,2026,3,10.67
08019043,9,2026,11,11.82
08019043,9,2026,19,9.1
08019044,12,2026,4,24.48
08019044,12,2026,7,36.02
08019044,12,2026,13,45.15
08019044,12,2026,21,32.66
08019004,10,2026,6,14.65
08019004,10,2026,10,32.94
08019004,10,2026,15,23.39
08019004,10,2026,18,26.65
08019004,12,2026,6,21.0
08019004,12,2026,10,50.69
08019004,12,2026,15,18.84
08019004,12,2026,18,19.54
08019042,12,2026,6,16.75
08019042,12,2026,10,42.62
08019042,12,2026,15,15.74
08019042,12,2026,18,14.45
08019043,6,2026,5,0.21
08019043,6,2026,24,0.26
08019054,1,2026,8,2.29
08019054,1,2026,9,2.4
08019054,1,2026,14,2.6
08019054,1,2026,20,2.2
08019054,9,2026,2,9.4
08019054,9,2026,22,8.29
08019057,1,2026,4,1.39
08019057,1,2026,7,1.4
08019057,1,2026,13,1.85
08019057,1,2026,21,1.41
08019057,9,2026,4,7.67
08019057,9,2026,7,8.33
08019057,9,2026,13,8.91
08019057,9,2026,21,7.62
08019058,7,2026,3,1.06
08019058,7,2026,11,2.51
08019058,7,2026,19,1.21
08019060,14,2026,3,41.73
08019060,14,2026,11,47.31
08019060,14,2026,19,65.67
08019060,8,2026,8,33.51
08019060,8,2026,9,39.04
08019060,8,2026,14,23.75
08019060,8,2026,20,28.4
08019050,12,2026,3,22.0
08019050,12,2026,11,39.8
08019050,12,2026,19,24.6
08019060,12,2026,6,24.2
08019060,12,2026,10,68.77
08019060,12,2026,15,34.33
08019060,12,2026,18,35.12
08019057,6,2026,5,0.27
08019057,6,2026,24,0.32
08019043,10,2025,22,22.06
08019058,7,2025,3,1.19
08019058,7,2025,11,2.02
08019058,7,2025,19,1.35
08019058,14,2025,8,71.73
08019058,14,2025,9,68.61
08019058,14,2025,14,78.11
08019058,14,2025,20,75.59
08019057,6,2025,2,0.24
08019057,6,2025,22,0.28
08019057,14,2025,3,56.95
08019057,14,2025,11,61.31
08019057,14,2025,19,75.02
08019057,12,2025,8,29.56
08019057,12,2025,9,41.56
08019057,12,2025,20,20.11
08019054,7,2025,8,7.51
08019054,7,2025,9,7.6
08019054,7,2025,14,2.65
08019054,7,2025,20,4.49
08019054,6,2025,2,0.23
08019054,6,2025,22,0.27
08019044,8,2025,8,30.42
08019044,8,2025,9,36.89
08019044,8,2025,14,25.59
08019044,8,2025,20,28.81
08019044,1,2025,8,2.06
08019044,1,2025,9,2.24
08019044,1,2025,14,2.09
08019044,1,2025,20,2.01
08019043,8,2025,2,23.78
08019043,8,2025,22,33.26
08019044,12,2025,5,20.64
08019044,12,2025,24,30.87
08019054,12,2025,1,25.24
08019054,12,2025,12,20.23
08019054,12,2025,16,14.56
08019054,12,2025,17,14.32
08019054,12,2025,23,31.19
08019043,14,2025,21,56.68
08019004,7,2025,5,1.87
08019004,7,2025,24,3.94
08019004,12,2025,3,23.56
08019004,12,2025,11,41.6
08019004,12,2025,19,23.99
08019043,1,2025,2,1.9
08019043,1,2025,22,1.92
08019043,7,2025,1,5.13
08019043,7,2025,12,11.16
08019043,7,2025,16,7.13
08019043,7,2025,17,7.26
08019043,7,2025,23,5.49
08019054,1,2025,4,2.04
08019054,1,2025,7,2.04
08019054,1,2025,13,2.29
08019054,1,2025,21,2.07
08019004,8,2025,6,19.42
08019004,8,2025,10,28.68
08019004,8,2025,15,14.24
08019004,8,2025,18,17.56
08019058,8,2025,5,3.82
08019058,8,2025,24,7.59
08019054,9,2025,2,9.28
08019054,9,2025,22,9.06
08019043,9,2025,2,10.99
08019043,9,2025,22,11.54
08019043,6,2025,1,0.27
08019043,6,2025,12,0.26
08019043,6,2025,16,0.25
08019043,6,2025,17,0.25
08019043,6,2025,23,0.3
08019058,10,2025,3,13.19
08019058,10,2025,11,18.55
08019058,10,2025,19,18.22
08019043,10,2025,2,19.59
08019004,10,2025,2,17.9
08019004,10,2025,22,21.69
08019042,12,2025,8,26.17
08019042,12,2025,9,37.43
08019042,12,2025,14,18.11
08019042,12,2025,20,22.44
08019042,8,2025,4,15.24
08019042,8,2025,7,16.69
08019042,8,2025,13,15.85
08019042,8,2025,21,21.77
08019044,14,2025,1,53.19
08019044,14,2025,12,53.03
08019044,14,2025,16,67.41
08019044,14,2025,17,66.41
08019044,14,2025,23,54.89
08019044,7,2025,4,3.56
08019044,7,2025,7,6.1
08019044,7,2025,13,10.28
08019044,7,2025,21,6.44
08019050,14,2025,6,34.92
08019050,14,2025,10,39.1
08019050,14,2025,15,70.53
08019050,14,2025,18,67.83
08019050,7,2025,6,2.22
08019050,7,2025,10,12.85
08019050,7,2025,15,4.06
08019050,7,2025,18,3.26
08019050,8,2025,3,20.32
08019050,8,2025,11,27.01
08019050,8,2025,19,21.17
08019054,14,2025,1,53.01
08019054,14,2025,12,70.01
08019054,14,2025,16,85.01
08019054,14,2025,17,84.7
08019054,14,2025,23,55.74
08019054,8,2025,5,15.4
08019054,8,2025,24,22.93
08019057,12,2025,14,16.1
08019057,7,2025,3,1.12
08019057,7,2025,11,5.33
08019057,7,2025,19,2.11
08019057,8,2025,5,9.88
08019057,8,2025,24,15.95
08019057,9,2025,3,8.04
08019057,9,2025,11,9.92
08019057,9,2025,19,8.09
08019058,12,2025,6,4.89
08019058,12,2025,10,11.45
08019058,12,2025,15,12.31
08019058,12,2025,18,11.01
08019043,14,2025,4,48.34
08019043,14,2025,13,65.05
08019043,14,2025,7,39.62
08019060,10,2025,6,17.14
08019060,10,2025,10,35.05
08019060,10,2025,15,22.84
08019060,10,2025,18,24.38
08019060,6,2025,4,0.22
08019060,6,2025,7,0.22
08019060,6,2025,13,0.24
08019060,6,2025,21,0.5
08019060,1,2025,3,2.59
08019060,1,2025,11,2.96
08019060,1,2025,19,2.82
08019044,8,2024,4,18.58
08019044,8,2024,7,23.58
08019044,8,2024,13,29.86
08019044,8,2024,21,31.2
08019054,12,2024,1,27.83
08019054,12,2024,12,22.68
08019054,12,2024,16,15.74
08019054,12,2024,17,16.94
08019054,12,2024,23,32.84
08019044,7,2024,4,5.03
08019044,7,2024,7,6.98
08019044,7,2024,13,13.94
08019044,7,2024,21,8.49
08019057,10,2024,1,13.8
08019057,10,2024,12,20.15
08019057,10,2024,16,18.12
08019057,10,2024,17,18.1
08019057,10,2024,23,15.44
08019043,8,2024,5,23.06
08019043,8,2024,24,33.02
08019004,12,2024,6,23.0
08019004,12,2024,10,52.62
08019004,12,2024,15,21.68
08019004,12,2024,18,23.83
08019004,7,2024,5,1.98
08019004,7,2024,24,5.44
08019054,7,2024,2,2.86
08019054,7,2024,22,5.6
08019004,10,2024,4,14.34
08019004,10,2024,7,15.54
08019004,10,2024,13,26.69
08019004,10,2024,21,22.6
08019043,10,2024,1,20.44
08019043,10,2024,12,25.93
08019043,10,2024,16,22.8
08019043,10,2024,17,24.47
08019043,10,2024,23,22.33
08019054,1,2024,4,1.4
08019054,1,2024,7,1.41
08019054,1,2024,13,1.72
08019054,1,2024,21,1.42
08019044,14,2024,3,50.86
08019044,14,2024,11,45.98
08019044,14,2024,19,61.85
08019050,8,2024,5,20.52
08019050,8,2024,24,26.19
08019004,8,2024,8,31.31
08019004,8,2024,9,33.47
08019004,8,2024,14,18.03
08019004,8,2024,20,25.36
08019042,8,2024,5,15.43
08019042,8,2024,24,22.26
08019043,14,2024,6,40.13
08019043,14,2024,10,35.11
08019043,14,2024,15,64.08
08019043,14,2024,18,61.86
08019043,1,2024,2,1.71
08019043,1,2024,22,1.84
08019043,7,2024,2,7.08
08019043,7,2024,22,12.13
08019043,9,2024,8,10.49
08019043,9,2024,9,11.59
08019043,9,2024,14,9.7
08019043,9,2024,20,10.17
08019044,12,2024,5,24.33
08019044,12,2024,24,36.42
08019044,1,2024,4,1.68
08019044,1,2024,7,1.72
08019044,1,2024,13,1.99
08019044,1,2024,21,1.71
08019050,14,2024,4,35.53
08019050,14,2024,7,30.65
08019050,14,2024,13,57.77
08019050,14,2024,21,53.15
08019050,7,2024,6,2.71
08019050,7,2024,10,16.99
08019050,7,2024,15,4.45
08019050,7,2024,18,3.92
08019054,10,2024,5,13.36
08019054,10,2024,24,18.46
08019054,14,2024,3,51.21
08019054,14,2024,11,59.09
08019054,14,2024,19,71.07
08019054,6,2024,2,0.22
08019054,6,2024,22,0.26
08019054,9,2024,4,8.11
08019054,9,2024,7,8.3
08019054,9,2024,13,8.81
08019054,9,2024,21,9.79
08019057,12,2024,6,11.59
08019057,12,2024,10,37.25
08019057,12,2024,15,14.68
08019057,12,2024,18,18.41
08019057,6,2024,8,0.32
08019057,6,2024,9,0.37
08019057,6,2024,14,0.27
08019057,6,2024,20,0.3
08019057,9,2024,6,7.78
08019057,9,2024,10,10.22
08019057,9,2024,15,8.77
08019057,9,2024,18,8.74
08019058,10,2024,6,12.0
08019058,10,2024,10,14.96
08019058,10,2024,15,17.86
08019058,10,2024,18,17.39
08019058,12,2024,3,5.5
08019058,12,2024,11,13.18
08019058,12,2024,19,10.13
08019058,14,2024,8,73.45
08019058,14,2024,9,70.84
08019058,14,2024,14,77.19
08019058,14,2024,20,78.0
08019058,7,2024,3,1.02
08019058,7,2024,11,2.35
08019058,7,2024,19,1.11
08019058,8,2024,6,4.41
08019058,8,2024,10,8.3
08019058,8,2024,15,9.96
08019058,8,2024,18,9.5
08019044,10,2024,5,15.6
08019044,10,2024,24,24.0
08019054,12,2023,8,29.57
08019054,12,2023,9,40.74
08019054,12,2023,14,22.22
08019054,12,2023,20,40.42
08019004,8,2023,3,25.28
08019004,8,2023,11,28.41
08019004,8,2023,19,30.67
08019043,6,2023,6,0.24
08019043,6,2023,10,0.51
08019043,6,2023,15,0.38
08019043,6,2023,18,0.44
08019043,7,2023,8,28.19
08019043,7,2023,9,35.25
08019043,7,2023,14,16.84
08019043,7,2023,20,19.65
08019042,12,2023,8,32.83
08019042,12,2023,9,47.43
08019042,12,2023,14,20.63
08019042,12,2023,20,35.48
08019058,14,2023,1,68.64
08019058,14,2023,12,63.05
08019058,14,2023,16,70.31
08019058,14,2023,17,69.76
08019058,14,2023,23,69.57
08019057,9,2023,5,7.0
08019057,9,2023,24,8.2
08019044,7,2023,4,2.52
08019044,7,2023,7,4.55
08019044,7,2023,13,9.37
08019044,7,2023,21,11.3
08019044,12,2023,5,16.97
08019044,12,2023,24,38.57
08019043,14,2023,2,31.84
08019043,14,2023,22,26.56
08019057,7,2023,5,1.19
08019057,7,2023,24,3.41
08019044,1,2023,2,1.99
08019044,1,2023,22,2.2
08019057,1,2023,2,2.23
08019057,1,2023,22,2.33
08019050,7,2023,2,6.57
08019050,7,2023,22,7.12
08019054,1,2023,4,1.09
08019054,1,2023,7,1.13
08019054,1,2023,13,1.54
08019054,1,2023,21,1.16
08019042,7,2023,1,5.78
08019042,7,2023,12,6.56
08019042,7,2023,16,3.23
08019042,7,2023,17,2.92
08019042,7,2023,23,9.08
08019042,8,2023,6,14.24
08019042,8,2023,10,30.13
08019042,8,2023,15,13.86
08019042,8,2023,18,21.05
08019057,12,2023,1,19.86
08019057,12,2023,12,24.04
08019057,12,2023,16,18.06
08019057,12,2023,17,18.61
08019057,12,2023,23,31.32
08019058,7,2023,1,1.24
08019058,7,2023,12,2.98
08019058,7,2023,16,2.36
08019058,7,2023,17,1.66
08019058,7,2023,23,1.17
08019043,9,2023,5,9.24
08019043,9,2023,24,13.83
08019043,8,2023,3,29.51
08019043,8,2023,11,38.14
08019043,8,2023,19,44.03
08019044,14,2023,1,35.21
08019044,14,2023,12,43.53
08019044,14,2023,16,56.01
08019044,14,2023,17,53.72
08019044,14,2023,23,33.81
08019057,14,2023,2,47.83
08019057,14,2023,22,40.02
08019054,14,2023,4,50.57
08019054,14,2023,7,46.8
08019054,14,2023,13,60.04
08019054,14,2023,21,45.84
08019058,8,2023,3,5.12
08019058,8,2023,11,7.56
08019058,8,2023,19,9.6
08019043,1,2023,5,1.7
08019043,1,2023,24,1.81
08019050,12,2023,5,25.42
08019050,12,2023,24,48.58
08019057,10,2023,6,8.58
08019057,10,2023,10,13.8
08019057,10,2023,15,12.94
08019057,10,2023,18,15.14
08019050,14,2023,8,23.98
08019050,14,2023,9,21.85
08019050,14,2023,14,49.88
08019050,14,2023,20,37.08
08019004,10,2023,3,15.61
08019004,10,2023,11,30.79
08019004,10,2023,19,30.06
08019004,12,2023,8,45.66
08019004,12,2023,9,57.87
08019004,12,2023,14,35.74
08019004,12,2023,20,45.57
08019044,10,2023,2,16.18
08019044,10,2023,22,25.62
08019050,8,2023,4,24.63
08019050,8,2023,7,22.83
08019050,8,2023,13,28.02
08019050,8,2023,21,35.86
08019054,10,2023,6,12.29
08019054,10,2023,10,20.92
08019054,10,2023,15,20.29
08019054,10,2023,18,23.04
08019057,8,2023,5,10.62
08019057,8,2023,24,20.86
08019054,7,2023,8,5.43
08019054,7,2023,9,10.48
08019054,7,2023,14,4.79
08019054,7,2023,20,8.9
08019044,6,2023,3,0.25
08019044,6,2023,11,0.31
08019044,6,2023,19,0.37
08019060,12,2025,8,55.69
08019060,12,2025,9,75.9
08019060,12,2025,14,38.94
08019060,12,2025,20,78.11
08019060,8,2025,1,32.88
08019060,8,2025,12,29.37
08019060,8,2025,16,24.88
08019060,8,2025,17,27.16
08019060,8,2025,23,40.14
08019060,7,2025,5,5.26
08019060,7,2025,24,16.08
08019054,10,2026,5,14.07
08019054,10,2026,24,16.22
08019044,14,2026,8,40.73
08019044,14,2026,9,40.6
08019044,14,2026,14,74.54
08019044,14,2026,20,70.37
08019043,10,2026,3,19.31
08019043,10,2026,11,27.08
08019043,10,2026,19,21.87
08019042,8,2026,3,16.7
08019042,8,2026,11,24.16
08019042,8,2026,19,15.9
08019060,9,2026,5,11.57
08019060,9,2026,24,13.38
08019060,1,2026,1,2.36
08019060,1,2026,12,2.63
08019060,1,2026,16,2.55
08019060,1,2026,17,2.58
08019060,1,2026,23,2.39
08019058,8,2026,5,4.0
08019058,8,2026,24,8.03
08019058,10,2026,4,16.84
08019058,10,2026,7,16.88
08019058,10,2026,13,27.87
08019058,10,2026,21,29.07
08019057,10,2026,6,12.39
08019057,10,2026,10,22.03
08019057,10,2026,15,15.48
08019057,10,2026,18,14.71
08019054,6,2026,6,0.24
08019054,6,2026,10,0.27
08019054,6,2026,15,0.22
08019054,6,2026,18,0.22
08019050,8,2026,3,19.5
08019050,8,2026,11,27.71
08019050,8,2026,19,20.31
08019044,8,2026,5,19.09
08019044,8,2026,24,24.72
08019043,8,2026,4,20.58
08019043,8,2026,7,28.63
08019043,8,2026,13,29.52
08019043,8,2026,21,29.83
08019004,7,2026,4,1.32
08019004,7,2026,7,1.95
08019004,7,2026,13,4.43
08019004,7,2026,21,1.8
08019054,12,2026,6,23.01
08019054,12,2026,10,30.03
08019054,12,2026,15,16.08
08019054,12,2026,18,16.51
08019054,14,2026,4,58.88
08019054,14,2026,7,48.34
08019054,14,2026,13,87.22
08019054,14,2026,21,75.21
08019054,7,2026,1,2.23
08019054,7,2026,12,3.68
08019054,7,2026,16,1.64
08019054,7,2026,17,1.74
08019054,7,2026,23,2.64
08019054,8,2026,5,16.55
08019054,8,2026,24,25.99
08019057,12,2026,3,14.73
08019057,12,2026,11,27.02
08019057,12,2026,19,16.59
08019057,14,2026,6,50.58
08019057,14,2026,10,54.89
08019057,14,2026,15,85.41
08019057,14,2026,18,84.55
08019057,7,2026,2,1.98
08019057,7,2026,22,2.31
08019058,12,2026,8,5.59
08019058,12,2026,9,8.61
08019058,12,2026,14,13.24
08019058,12,2026,20,11.19
08019058,14,2026,1,79.52
08019058,14,2026,12,79.0
08019058,14,2026,16,87.38
08019058,14,2026,17,86.73
08019058,14,2026,23,79.0
08019060,10,2026,2,22.58
08019060,10,2026,22,21.05
08019060,6,2026,5,0.22
08019060,6,2026,24,0.31
08019060,7,2026,4,2.68
08019060,7,2026,7,5.24
08019060,7,2026,13,9.93
08019060,7,2026,21,6.74
08019050,14,2026,2,46.3
08019050,14,2026,22,57.84
08019044,7,2026,8,11.19
08019044,7,2026,9,18.93
08019044,7,2026,14,8.73
08019044,7,2026,20,4.65
08019043,14,2026,8,35.78
08019043,14,2026,9,38.07
08019043,14,2026,14,76.17
08019043,14,2026,20,68.98
08019043,1,2026,2,3.37
08019043,1,2026,22,3.42
08019044,12,2026,5,22.84
08019044,12,2026,24,30.78
08019004,10,2026,1,19.4
08019004,10,2026,12,30.24
08019004,10,2026,16,23.0
08019004,10,2026,17,23.56
08019004,10,2026,23,23.36
08019004,12,2026,1,24.86
08019004,12,2026,12,30.85
08019004,12,2026,16,17.59
08019004,12,2026,17,18.5
08019004,12,2026,23,26.77
08019042,12,2026,1,17.81
08019042,12,2026,12,26.66
08019042,12,2026,16,13.67
08019042,12,2026,17,13.97
08019042,12,2026,23,19.85
08019042,7,2026,3,1.75
08019042,7,2026,11,5.15
08019042,7,2026,19,1.3
08019043,6,2026,4,0.22
08019043,6,2026,7,0.24
08019043,6,2026,13,0.23
08019043,6,2026,21,0.28
08019054,1,2026,2,2.32
08019054,1,2026,22,2.15
08019054,9,2026,8,8.81
08019054,9,2026,9,9.14
08019054,9,2026,14,8.99
08019054,9,2026,20,7.6
08019057,1,2026,5,1.4
08019057,1,2026,24,1.39
08019057,9,2026,5,7.64
08019057,9,2026,24,8.46
08019060,8,2026,2,24.8
08019060,8,2026,22,28.99
08019043,7,2026,3,2.44
08019043,7,2026,11,11.49
08019043,7,2026,19,5.1
08019060,12,2026,1,33.53
08019060,12,2026,12,45.35
08019060,12,2026,16,30.96
08019060,12,2026,17,31.96
08019060,12,2026,23,38.83
08019057,6,2026,4,0.28
08019057,6,2026,7,0.31
08019057,6,2026,13,0.32
08019057,6,2026,21,0.36
08019043,10,2025,20,21.68
08019057,1,2025,3,1.49
08019057,1,2025,11,1.73
08019057,1,2025,19,1.59
08019058,14,2025,2,74.71
08019058,14,2025,22,73.65
08019057,6,2025,8,0.29
08019057,6,2025,9,0.34
08019057,6,2025,20,0.28
08019057,12,2025,2,12.82
08019057,12,2025,22,19.92
08019054,7,2025,2,3.05
08019054,7,2025,22,4.62
08019054,6,2025,8,0.3
08019054,6,2025,9,0.29
08019054,6,2025,14,0.22
08019054,6,2025,20,0.24
08019050,12,2025,3,23.7
08019050,12,2025,11,40.85
08019050,12,2025,19,24.95
08019044,8,2025,2,19.64
08019044,8,2025,22,29.32
08019044,1,2025,2,1.98
08019044,1,2025,22,2.02
08019043,8,2025,8,35.55
08019043,8,2025,9,40.65
08019043,8,2025,14,27.89
08019043,8,2025,20,33.42
08019044,12,2025,4,22.15
08019044,12,2025,7,31.15
08019044,12,2025,13,43.2
08019044,12,2025,21,39.01
08019054,12,2025,6,20.36
08019054,12,2025,10,29.95
08019054,12,2025,15,15.48
08019054,12,2025,18,18.77
08019043,14,2025,24,52.62
08019004,7,2025,4,2.02
08019004,7,2025,7,2.99
08019004,7,2025,13,5.32
08019004,7,2025,21,3.92
08019043,1,2025,8,1.95
08019043,1,2025,9,2.14
08019043,1,2025,14,2.18
08019043,1,2025,20,2.0
08019043,7,2025,6,4.01
08019043,7,2025,10,19.28
08019043,7,2025,15,8.0
08019043,7,2025,18,7.46
08019054,1,2025,5,2.03
08019054,1,2025,24,2.05
08019004,8,2025,1,24.75
08019004,8,2025,12,21.38
08019004,8,2025,16,14.1
08019004,8,2025,17,14.88
08019004,8,2025,23,25.56
08019058,8,2025,4,4.29
08019058,8,2025,7,4.03
08019058,8,2025,13,10.06
08019058,8,2025,21,9.32
08019054,9,2025,8,8.86
08019054,9,2025,9,9.26
08019054,9,2025,14,9.07
08019054,9,2025,20,8.54
08019043,9,2025,8,10.86
08019043,9,2025,9,11.96
08019043,9,2025,14,10.39
08019043,9,2025,20,9.82
08019043,6,2025,6,0.22
08019043,6,2025,10,0.38
08019043,6,2025,15,0.26
08019043,6,2025,18,0.27
08019057,10,2025,3,13.15
08019057,10,2025,11,22.5
08019057,10,2025,19,16.72
08019043,10,2025,8,21.52
08019043,10,2025,9,26.32
08019043,10,2025,14,24.08
08019004,10,2025,8,25.5
08019004,10,2025,9,25.22
08019004,10,2025,14,23.62
08019004,10,2025,20,22.74
08019042,12,2025,2,19.0
08019042,12,2025,22,23.85
08019042,7,2025,3,1.91
08019042,7,2025,11,5.65
08019042,7,2025,19,1.74
08019042,8,2025,5,14.34
08019042,8,2025,24,19.9
08019044,14,2025,6,47.32
08019044,14,2025,10,41.49
08019044,14,2025,15,66.6
08019044,14,2025,18,63.16
08019044,7,2025,5,3.4
08019044,7,2025,24,4.98
08019050,14,2025,1,44.71
08019050,14,2025,12,56.86
08019050,14,2025,16,71.2
08019050,14,2025,17,70.26
08019050,14,2025,23,50.77
08019050,7,2025,1,2.84
08019050,7,2025,12,7.28
08019050,7,2025,16,3.82
08019050,7,2025,17,3.56
08019050,7,2025,23,3.02
08019054,10,2025,3,14.65
08019054,10,2025,11,18.67
08019054,10,2025,19,18.06
08019054,14,2025,6,49.83
08019054,14,2025,10,53.6
08019054,14,2025,15,83.54
08019054,14,2025,18,80.12
08019054,8,2025,4,15.28
08019054,8,2025,7,22.7
08019054,8,2025,13,13.96
08019054,8,2025,21,23.42
08019057,6,2025,14,0.27
08019057,8,2025,4,10.06
08019057,8,2025,7,15.85
08019057,8,2025,13,13.34
08019057,8,2025,21,18.77
08019058,12,2025,1,8.07
08019058,12,2025,12,13.13
08019058,12,2025,16,11.52
08019058,12,2025,17,11.27
08019058,12,2025,23,9.81
08019043,14,2025,5,47.75
08019060,10,2025,1,24.11
08019060,10,2025,12,30.6
08019060,10,2025,16,26.37
08019060,10,2025,17,24.83
08019060,10,2025,23,26.18
08019060,14,2025,3,24.03
08019060,14,2025,11,26.38
08019060,14,2025,19,32.83
08019060,6,2025,5,0.21
08019060,6,2025,24,0.37
08019057,14,2024,3,55.89
08019057,14,2024,11,57.19
08019057,14,2024,19,70.84
08019044,8,2024,5,17.69
08019044,8,2024,24,25.82
08019054,12,2024,6,21.23
08019054,12,2024,10,30.34
08019054,12,2024,15,16.66
08019054,12,2024,18,22.89
08019044,7,2024,5,4.76
08019044,7,2024,24,7.25
08019057,10,2024,6,12.33
08019057,10,2024,10,21.62
08019057,10,2024,15,16.79
08019057,10,2024,18,18.4
08019043,8,2024,4,23.64
08019043,8,2024,7,30.4
08019043,8,2024,13,32.74
08019043,8,2024,21,39.44
08019004,12,2024,1,32.71
08019004,12,2024,12,38.13
08019004,12,2024,16,19.68
08019004,12,2024,17,20.56
08019004,12,2024,23,35.54
08019004,7,2024,4,2.14
08019004,7,2024,7,3.43
08019004,7,2024,13,6.94
08019004,7,2024,21,6.03
08019054,7,2024,8,7.77
08019054,7,2024,9,8.3
08019054,7,2024,14,3.52
08019054,7,2024,20,5.22
08019004,10,2024,5,14.22
08019004,10,2024,24,19.52
08019043,10,2024,6,16.41
08019043,10,2024,10,29.42
08019043,10,2024,15,22.2
08019043,10,2024,18,24.75
08019054,1,2024,5,1.4
08019054,1,2024,24,1.39
08019050,8,2024,4,21.58
08019050,8,2024,7,22.77
08019050,8,2024,13,22.8
08019050,8,2024,21,27.09
08019050,12,2024,3,27.76
08019050,12,2024,11,52.55
08019050,12,2024,19,29.31
08019004,8,2024,2,24.24
08019004,8,2024,22,27.01
08019042,12,2024,3,19.78
08019042,12,2024,11,34.88
08019042,12,2024,19,20.75
08019042,7,2024,3,2.72
08019042,7,2024,11,7.75
08019042,7,2024,19,2.25
08019042,8,2024,4,15.65
08019042,8,2024,7,17.91
08019042,8,2024,13,16.82
08019042,8,2024,21,23.16
08019043,14,2024,1,45.45
08019043,14,2024,12,51.13
08019043,14,2024,16,66.57
08019043,14,2024,17,65.58
08019043,14,2024,23,48.17
08019043,1,2024,8,1.85
08019043,1,2024,9,2.03
08019043,1,2024,14,2.13
08019043,1,2024,20,1.9
08019043,6,2024,3,0.25
08019043,6,2024,11,0.34
08019043,6,2024,19,0.4
08019043,7,2024,8,23.6
08019043,7,2024,9,31.6
08019043,7,2024,14,13.75
08019043,7,2024,20,13.3
08019043,9,2024,2,10.69
08019043,9,2024,22,12.01
08019044,12,2024,4,25.64
08019044,12,2024,7,33.8
08019044,12,2024,13,50.98
08019044,12,2024,21,43.89
08019044,1,2024,5,1.67
08019044,1,2024,24,1.74
08019050,14,2024,5,34.51
08019050,14,2024,24,44.1
08019050,7,2024,1,4.59
08019050,7,2024,12,10.52
08019050,7,2024,16,4.2
08019050,7,2024,17,4.01
08019050,7,2024,23,4.41
08019054,10,2024,4,13.65
08019054,10,2024,7,14.88
08019054,10,2024,13,21.97
08019054,10,2024,21,22.84
08019054,6,2024,8,0.27
08019054,6,2024,9,0.27
08019054,6,2024,14,0.21
08019054,6,2024,20,0.25
08019054,8,2024,3,17.33
08019054,8,2024,11,17.74
08019054,8,2024,19,19.75
08019054,9,2024,5,8.02
08019054,9,2024,24,10.11
08019057,12,2024,1,17.28
08019057,12,2024,12,21.73
08019057,12,2024,16,14.55
08019057,12,2024,17,14.55
08019057,12,2024,23,21.8
08019057,1,2024,3,1.91
08019057,1,2024,11,2.24
08019057,1,2024,19,2.08
08019057,6,2024,2,0.27
08019057,6,2024,22,0.32
08019057,7,2024,3,1.15
08019057,7,2024,11,6.63
08019057,7,2024,19,2.94
08019057,8,2024,3,10.87
08019057,8,2024,11,18.46
08019057,8,2024,19,18.24
08019057,9,2024,1,8.55
08019057,9,2024,12,9.43
08019057,9,2024,16,8.86
08019057,9,2024,17,8.61
08019057,9,2024,23,9.35
08019058,10,2024,1,12.98
08019058,10,2024,12,18.43
08019058,10,2024,16,17.51
08019058,10,2024,17,17.43
08019058,10,2024,23,14.06
08019058,14,2024,2,76.1
08019058,14,2024,22,76.75
08019058,8,2024,1,6.22
08019058,8,2024,12,11.03
08019058,8,2024,16,9.53
08019058,8,2024,17,9.48
08019058,8,2024,23,7.52
08019044,10,2024,4,16.58
08019044,10,2024,7,16.0
08019044,10,2024,13,27.18
08019044,10,2024,21,26.98
08019054,12,2023,2,19.29
08019054,12,2023,22,38.1
08019043,6,2023,1,0.44
08019043,6,2023,12,0.35
08019043,6,2023,16,0.37
08019043,6,2023,17,0.39
08019043,6,2023,23,0.53
08019043,7,2023,2,12.02
08019043,7,2023,22,24.28
08019042,12,2023,2,26.68
08019042,12,2023,22,45.79
08019058,14,2023,6,67.61
08019058,14,2023,10,63.86
08019058,14,2023,15,69.74
08019058,14,2023,18,69.46
08019057,9,2023,4,7.09
08019057,9,2023,7,7.0
08019057,9,2023,13,7.67
08019057,9,2023,21,13.44
08019044,7,2023,5,2.01
08019044,7,2023,24,6.14
08019044,12,2023,4,19.59
08019044,12,2023,7,25.8
08019044,12,2023,13,39.86
08019044,12,2023,21,53.23
08019043,14,2023,8,24.24
08019043,14,2023,9,21.48
08019043,14,2023,14,42.74
08019043,14,2023,20,31.56
08019057,7,2023,4,1.27
08019057,7,2023,7,1.6
08019057,7,2023,13,4.22
08019057,7,2023,21,6.69
08019044,1,2023,8,2.11
08019044,1,2023,9,2.23
08019044,1,2023,14,2.82
08019044,1,2023,20,2.11
08019057,1,2023,8,2.26
08019057,1,2023,9,2.31
08019057,1,2023,14,2.62
08019057,1,2023,20,2.36
08019050,7,2023,8,12.57
08019050,7,2023,9,21.95
08019050,7,2023,14,7.78
08019050,7,2023,20,6.1
08019054,1,2023,5,1.14
08019054,1,2023,24,1.12
08019054,8,2023,3,14.39
08019054,8,2023,11,16.94
08019054,8,2023,19,25.92
08019042,7,2023,6,2.18
08019042,7,2023,10,14.24
08019042,7,2023,15,3.29
08019042,7,2023,18,2.79
08019004,7,2023,3,3.93
08019004,7,2023,11,15.9
08019004,7,2023,19,8.16
08019042,8,2023,1,24.52
08019042,8,2023,12,20.48
08019042,8,2023,16,15.28
08019042,8,2023,17,17.13
08019042,8,2023,23,31.69
08019057,12,2023,6,12.09
08019057,12,2023,10,40.22
08019057,12,2023,15,17.01
08019057,12,2023,18,25.11
08019058,7,2023,6,1.21
08019058,7,2023,10,1.48
08019058,7,2023,15,2.48
08019058,7,2023,18,1.34
08019043,9,2023,4,9.73
08019043,9,2023,7,8.81
08019043,9,2023,13,10.95
08019043,9,2023,21,12.45
08019044,14,2023,6,41.91
08019044,14,2023,10,33.7
08019044,14,2023,15,54.15
08019044,14,2023,18,46.09
08019057,14,2023,8,40.43
08019057,14,2023,9,36.05
08019057,14,2023,14,60.53
08019057,14,2023,20,45.51
08019058,12,2023,3,5.48
08019058,12,2023,11,10.12
08019058,12,2023,19,10.01
08019054,14,2023,5,50.43
08019054,14,2023,24,45.05
08019043,10,2023,3,17.82
08019043,10,2023,11,33.09
08019043,10,2023,19,33.92
08019058,10,2023,3,11.55
08019058,10,2023,11,16.4
08019058,10,2023,19,17.63
08019054,6,2023,3,0.21
08019054,6,2023,11,0.24
08019054,6,2023,19,0.27
08019043,1,2023,4,1.66
08019043,1,2023,7,1.77
08019043,1,2023,13,2.0
08019043,1,2023,21,1.84
08019050,12,2023,4,29.0
08019050,12,2023,7,28.34
08019050,12,2023,13,43.22
08019050,12,2023,21,45.28
08019057,10,2023,1,10.27
08019057,10,2023,12,16.06
08019057,10,2023,16,12.49
08019057,10,2023,17,13.15
08019057,10,2023,23,20.16
08019050,14,2023,2,27.29
08019050,14,2023,22,30.63
08019004,12,2023,2,35.45
08019004,12,2023,22,50.87
08019044,10,2023,8,24.84
08019044,10,2023,9,32.25
08019044,10,2023,14,26.98
08019044,10,2023,20,29.9
08019044,8,2023,3,17.29
08019044,8,2023,11,26.47
08019044,8,2023,19,31.28
08019050,8,2023,5,22.36
08019050,8,2023,24,35.12
08019054,10,2023,1,15.85
08019054,10,2023,12,21.4
08019054,10,2023,16,20.39
08019054,10,2023,17,22.19
08019054,10,2023,23,19.06
08019057,8,2023,4,11.32
08019057,8,2023,7,12.65
08019057,8,2023,13,13.93
08019057,8,2023,21,27.13
08019054,7,2023,2,1.99
08019054,7,2023,22,6.1
08019057,6,2023,3,0.3
08019057,6,2023,11,0.32
08019057,6,2023,19,0.31
08019060,12,2025,2,44.6
08019060,12,2025,22,79.07
08019060,8,2025,6,21.87
08019060,8,2025,10,33.74
08019060,8,2025,15,22.66
08019060,8,2025,18,32.7
08019060,9,2025,3,12.8
08019060,9,2025,11,12.69
08019060,9,2025,19,11.47
08019060,7,2025,4,6.1
08019060,7,2025,7,8.56
08019060,7,2025,13,10.93
08019060,7,2025,21,25.05
08019054,10,2026,22,18.77
08019044,14,2026,4,54.55
08019044,14,2026,7,44.36
08019044,14,2026,13,69.02
08019044,14,2026,21,67.82
08019043,10,2026,1,20.42
08019043,10,2026,12,26.39
08019043,10,2026,16,21.64
08019043,10,2026,17,22.46
08019043,10,2026,23,21.63
08019042,8,2026,1,18.51
08019042,8,2026,12,21.46
08019042,8,2026,16,12.69
08019042,8,2026,17,13.14
08019042,8,2026,23,20.49
08019004,8,2026,6,20.82
08019004,8,2026,10,32.76
08019004,8,2026,15,15.28
08019004,8,2026,18,17.23
08019060,9,2026,2,12.84
08019060,9,2026,22,11.53
08019060,1,2026,3,2.29
08019060,1,2026,11,2.67
08019060,1,2026,19,2.49
08019058,8,2026,2,5.7
08019058,8,2026,22,8.59
08019058,10,2026,8,19.52
08019058,10,2026,9,21.81
08019058,10,2026,14,26.07
08019058,10,2026,20,23.56
08019050,8,2026,1,20.48
08019050,8,2026,12,23.38
08019050,8,2026,16,17.69
08019050,8,2026,17,17.67
08019050,8,2026,23,21.86
08019044,8,2026,2,21.43
08019044,8,2026,22,27.14
08019043,8,2026,8,36.95
08019043,8,2026,9,43.15
08019043,8,2026,14,27.57
08019043,8,2026,20,29.0
08019004,7,2026,8,6.18
08019004,7,2026,9,10.95
08019004,7,2026,14,3.72
08019004,7,2026,20,2.24
08019054,14,2026,8,46.01
08019054,14,2026,9,53.81
08019054,14,2026,14,91.11
08019054,14,2026,20,81.5
08019054,7,2026,3,1.61
08019054,7,2026,11,5.17
08019054,7,2026,19,1.44
08019054,8,2026,2,21.34
08019054,8,2026,22,23.49
08019057,12,2026,1,18.73
08019057,12,2026,12,22.68
08019057,12,2026,16,13.42
08019057,12,2026,17,13.52
08019057,12,2026,23,21.88
08019057,7,2026,5,2.0
08019057,7,2026,24,2.29
08019057,8,2026,6,13.6
08019057,8,2026,10,23.73
08019057,8,2026,15,10.89
08019057,8,2026,18,11.89
08019058,12,2026,4,5.22
08019058,12,2026,7,5.05
08019058,12,2026,13,14.85
08019058,12,2026,21,10.73
08019058,14,2026,3,80.42
08019058,14,2026,11,73.9
08019058,14,2026,19,83.75
08019060,10,2026,5,19.88
08019060,10,2026,24,22.71
08019060,6,2026,2,0.25
08019060,6,2026,22,0.33
08019060,7,2026,8,12.19
08019060,7,2026,9,22.41
08019060,7,2026,14,8.99
08019060,7,2026,20,7.1
08019050,7,2026,6,1.8
08019050,7,2026,10,12.61
08019050,7,2026,15,4.2
08019050,7,2026,18,3.44
08019050,14,2026,5,37.31
08019050,14,2026,24,51.17
08019044,7,2026,4,3.31
08019044,7,2026,7,6.14
08019044,7,2026,13,10.37
08019044,7,2026,21,3.95
08019044,1,2026,6,2.22
08019044,1,2026,10,2.44
08019044,1,2026,15,2.56
08019044,1,2026,18,2.4
08019043,14,2026,4,51.41
08019043,14,2026,7,40.27
08019043,14,2026,13,71.66
08019043,14,2026,21,65.01
08019043,1,2026,5,3.37
08019043,1,2026,24,3.35
08019043,9,2026,6,9.99
08019043,9,2026,10,12.69
08019043,9,2026,15,9.78
08019043,9,2026,18,9.1
08019044,12,2026,2,26.26
08019044,12,2026,22,33.12
08019004,10,2026,3,15.84
08019004,10,2026,11,32.21
08019004,10,2026,19,25.1
08019004,12,2026,3,21.67
08019004,12,2026,11,40.53
08019004,12,2026,19,21.01
08019042,12,2026,3,16.37
08019042,12,2026,11,31.19
08019042,12,2026,19,15.92
08019042,7,2026,1,1.52
08019042,7,2026,12,4.0
08019042,7,2026,16,1.52
08019042,7,2026,17,1.48
08019042,7,2026,23,1.44
08019043,6,2026,8,0.31
08019043,6,2026,9,0.38
08019043,6,2026,14,0.23
08019043,6,2026,20,0.28
08019054,10,2026,2,16.41
08019054,1,2026,5,2.2
08019054,1,2026,24,2.18
08019054,9,2026,4,8.52
08019054,9,2026,7,8.2
08019054,9,2026,13,9.19
08019054,9,2026,21,7.97
08019057,1,2026,2,1.37
08019057,1,2026,22,1.43
08019057,9,2026,2,8.19
08019057,9,2026,22,7.91
08019058,7,2026,6,1.03
08019058,7,2026,10,1.93
08019058,7,2026,15,1.47
08019058,7,2026,18,1.24
08019060,14,2026,6,36.41
08019060,14,2026,10,35.41
08019060,14,2026,15,72.12
08019060,14,2026,18,69.36
08019060,8,2026,5,19.93
08019060,8,2026,24,30.09
08019043,7,2026,1,2.75
08019043,7,2026,12,10.31
08019043,7,2026,16,5.7
08019043,7,2026,17,5.47
08019043,7,2026,23,2.86
08019050,12,2026,6,21.51
08019050,12,2026,10,52.36
08019050,12,2026,15,24.26
08019050,12,2026,18,23.61
08019060,12,2026,3,26.43
08019060,12,2026,11,54.84
08019060,12,2026,19,38.17
08019057,6,2026,8,0.35
08019057,6,2026,9,0.41
08019057,6,2026,14,0.3
08019057,6,2026,20,0.34
08019043,10,2025,21,22.42
08019057,1,2025,1,1.54
08019057,1,2025,17,1.71
08019057,1,2025,23,1.53
08019058,7,2025,6,1.22
08019058,7,2025,10,2.08
08019058,7,2025,15,1.99
08019058,7,2025,18,1.41
08019058,14,2025,5,75.02
08019058,14,2025,24,73.79
08019057,6,2025,4,0.23
08019057,6,2025,7,0.25
08019057,6,2025,21,0.29
08019057,14,2025,6,53.67
08019057,14,2025,10,52.55
08019057,14,2025,18,79.36
08019057,12,2025,5,10.04
08019057,12,2025,24,16.7
08019054,7,2025,5,2.69
08019054,7,2025,24,3.43
08019054,6,2025,4,0.22
08019054,6,2025,7,0.25
08019054,6,2025,13,0.22
08019054,6,2025,21,0.26
08019050,12,2025,1,25.96
08019050,12,2025,12,34.98
08019050,12,2025,16,23.52
08019050,12,2025,17,24.1
08019050,12,2025,23,27.38
08019044,8,2025,5,16.18
08019044,8,2025,24,23.8
08019044,1,2025,5,1.97
08019044,1,2025,24,1.99
08019043,8,2025,4,21.2
08019043,8,2025,7,27.08
08019043,8,2025,13,28.48
08019043,8,2025,21,34.77
08019044,12,2025,8,48.69
08019044,12,2025,9,67.93
08019044,12,2025,14,39.94
08019044,12,2025,20,37.81
08019057,1,2025,12,1.75
08019057,1,2025,16,1.73
08019043,14,2025,22,55.23
08019004,7,2025,8,7.65
08019004,7,2025,9,13.02
08019004,7,2025,14,3.94
08019004,7,2025,20,3.42
08019004,12,2025,6,21.34
08019004,12,2025,10,49.47
08019004,12,2025,15,18.51
08019004,12,2025,18,20.68
08019043,1,2025,4,1.85
08019043,1,2025,7,1.87
08019043,1,2025,13,2.14
08019043,1,2025,21,1.96
08019054,1,2025,2,2.07
08019054,1,2025,22,2.05
08019004,8,2025,3,21.45
08019004,8,2025,11,25.02
08019004,8,2025,19,20.33
08019058,8,2025,8,4.49
08019058,8,2025,9,6.33
08019058,8,2025,14,9.72
08019058,8,2025,20,8.89
08019054,9,2025,4,8.67
08019054,9,2025,7,8.44
08019054,9,2025,13,9.0
08019054,9,2025,21,8.86
08019043,9,2025,4,10.67
08019043,9,2025,7,10.41
08019043,9,2025,13,10.8
08019043,9,2025,21,10.71
08019058,10,2025,6,14.0
08019058,10,2025,10,17.9
08019058,10,2025,15,18.24
08019058,10,2025,18,19.14
08019057,10,2025,1,14.47
08019057,10,2025,12,22.46
08019057,10,2025,16,19.57
08019057,10,2025,17,19.03
08019057,10,2025,23,15.45
08019043,10,2025,4,18.46
08019043,10,2025,7,19.29
08019043,10,2025,13,25.83
08019004,10,2025,4,15.25
08019004,10,2025,7,17.33
08019004,10,2025,13,25.06
08019004,10,2025,21,23.15
08019042,12,2025,5,15.5
08019042,12,2025,24,22.13
08019042,7,2025,1,2.22
08019042,7,2025,12,3.79
08019042,7,2025,16,1.79
08019042,7,2025,17,1.67
08019042,7,2025,23,2.3
08019042,8,2025,2,17.05
08019042,8,2025,22,21.64
08019044,7,2025,2,3.66
08019044,7,2025,22,6.68
08019050,14,2025,3,38.71
08019050,14,2025,11,49.07
08019050,14,2025,19,64.96
08019050,7,2025,3,2.67
08019050,7,2025,11,9.16
08019050,7,2025,19,2.78
08019050,8,2025,6,18.34
08019050,8,2025,10,31.14
08019050,8,2025,15,17.48
08019050,8,2025,18,20.14
08019054,10,2025,1,16.7
08019054,10,2025,12,19.05
08019054,10,2025,16,18.17
08019054,10,2025,17,17.69
08019054,10,2025,23,18.66
08019054,8,2025,8,26.79
08019054,8,2025,9,25.16
08019054,8,2025,14,12.97
08019054,8,2025,20,20.91
08019057,14,2025,15,81.78
08019057,6,2025,13,0.27
08019057,7,2025,6,1.05
08019057,7,2025,10,8.75
08019057,7,2025,15,1.83
08019057,7,2025,18,1.76
08019057,8,2025,8,22.43
08019057,8,2025,9,26.08
08019057,8,2025,14,12.82
08019057,8,2025,20,18.04
08019057,9,2025,6,8.03
08019057,9,2025,10,10.09
08019057,9,2025,15,8.71
08019057,9,2025,18,8.2
08019058,12,2025,3,5.72
08019058,12,2025,11,12.1
08019058,12,2025,19,11.04
08019043,14,2025,2,51.43
08019060,10,2025,3,20.32
08019060,10,2025,11,31.32
08019060,10,2025,19,24.94
08019060,14,2025,1,21.38
08019060,14,2025,12,31.61
08019060,14,2025,16,46.81
08019060,14,2025,17,44.71
08019060,14,2025,23,21.73
08019060,6,2025,2,0.25
08019060,6,2025,22,0.47
08019060,1,2025,6,2.57
08019060,1,2025,10,3.03
08019060,1,2025,15,2.7
08019060,1,2025,18,2.71
08019057,14,2024,1,55.94
08019057,14,2024,12,64.92
08019057,14,2024,16,79.37
08019057,14,2024,17,78.89
08019057,14,2024,23,58.71
08019044,8,2024,2,21.65
08019044,8,2024,22,29.74
08019044,7,2024,2,5.47
08019044,7,2024,22,8.07
08019043,8,2024,8,39.84
08019043,8,2024,9,45.0
08019043,8,2024,14,30.91
08019043,8,2024,20,38.44
08019004,12,2024,3,24.59
08019004,12,2024,11,45.6
08019004,12,2024,19,27.33
08019004,7,2024,8,8.21
08019004,7,2024,9,14.52
08019004,7,2024,14,4.69
08019004,7,2024,20,4.31
08019054,7,2024,4,2.06
08019054,7,2024,7,4.58
08019054,7,2024,13,4.1
08019054,7,2024,21,5.46
08019004,10,2024,2,16.9
08019004,10,2024,22,21.95
08019054,1,2024,2,1.37
08019054,1,2024,22,1.43
08019044,14,2024,6,46.07
08019044,14,2024,10,40.45
08019044,14,2024,15,66.28
08019044,14,2024,18,63.45
08019050,8,2024,8,29.98
08019050,8,2024,9,35.17
08019050,8,2024,14,20.29
08019050,8,2024,20,26.56
08019050,12,2024,1,32.25
08019050,12,2024,12,43.16
08019050,12,2024,16,25.16
08019050,12,2024,17,26.02
08019050,12,2024,23,32.1
08019004,8,2024,5,19.72
08019004,8,2024,24,27.38
08019042,12,2024,1,24.76
08019042,12,2024,12,26.28
08019042,12,2024,16,15.51
08019042,12,2024,17,15.93
08019042,12,2024,23,28.49
08019042,7,2024,1,3.41
08019042,7,2024,12,4.9
08019042,7,2024,16,2.04
08019042,7,2024,17,1.98
08019042,7,2024,23,3.89
08019042,8,2024,8,23.78
08019042,8,2024,9,29.15
08019042,8,2024,14,15.26
08019042,8,2024,20,21.55
08019043,14,2024,3,45.5
08019043,14,2024,11,44.27
08019043,14,2024,19,57.56
08019043,1,2024,4,1.66
08019043,1,2024,7,1.67
08019043,1,2024,13,2.1
08019043,1,2024,21,1.86
08019043,6,2024,1,0.34
08019043,6,2024,12,0.31
08019043,6,2024,16,0.31
08019043,6,2024,17,0.32
08019043,6,2024,23,0.38
08019043,7,2024,4,6.13
08019043,7,2024,7,11.67
08019043,7,2024,13,15.69
08019043,7,2024,21,13.38
08019043,9,2024,5,9.78
08019043,9,2024,24,12.23
08019044,12,2024,8,52.97
08019044,12,2024,9,74.14
08019044,12,2024,14,45.28
08019044,12,2024,20,42.05
08019044,1,2024,2,1.7
08019044,1,2024,22,1.69
08019050,14,2024,2,39.27
08019050,14,2024,22,50.76
08019050,7,2024,3,3.76
08019050,7,2024,11,13.9
08019050,7,2024,19,3.55
08019054,10,2024,8,17.75
08019054,10,2024,9,19.13
08019054,10,2024,14,21.59
08019054,10,2024,20,22.55
08019054,14,2024,6,47.62
08019054,14,2024,10,51.93
08019054,14,2024,15,79.61
08019054,14,2024,18,75.58
08019054,6,2024,4,0.21
08019054,6,2024,7,0.24
08019054,6,2024,13,0.21
08019054,6,2024,21,0.26
08019054,8,2024,1,23.14
08019054,8,2024,12,15.75
08019054,8,2024,16,12.26
08019054,8,2024,17,13.27
08019054,8,2024,23,26.55
08019054,9,2024,2,8.38
08019054,9,2024,22,10.62
08019057,12,2024,3,11.63
08019057,12,2024,11,28.13
08019057,12,2024,19,22.08
08019057,1,2024,1,1.92
08019057,1,2024,12,2.26
08019057,1,2024,16,2.24
08019057,1,2024,17,2.21
08019057,1,2024,23,1.92
08019057,6,2024,5,0.26
08019057,6,2024,24,0.3
08019057,7,2024,1,1.82
08019057,7,2024,12,4.24
08019057,7,2024,16,2.24
08019057,7,2024,17,1.94
08019057,7,2024,23,2.35
08019057,8,2024,1,15.46
08019057,8,2024,12,15.58
08019057,8,2024,16,11.45
08019057,8,2024,17,11.97
08019057,8,2024,23,19.16
08019057,9,2024,3,7.86
08019057,9,2024,11,10.15
08019057,9,2024,19,8.8
08019058,10,2024,3,11.81
08019058,10,2024,11,16.75
08019058,10,2024,19,17.02
08019058,12,2024,6,4.58
08019058,12,2024,10,10.33
08019058,12,2024,15,12.46
08019058,12,2024,18,10.67
08019058,14,2024,5,75.7
08019058,14,2024,24,76.62
08019058,7,2024,6,1.02
08019058,7,2024,10,1.8
08019058,7,2024,15,2.1
08019058,7,2024,18,1.28
08019058,8,2024,3,5.31
08019058,8,2024,11,10.07
08019058,8,2024,19,9.32
08019044,10,2024,8,21.32
08019044,10,2024,9,28.95
08019044,10,2024,14,28.98
08019044,10,2024,20,28.64
08019054,12,2023,5,15.01
08019054,12,2023,24,30.02
08019004,8,2023,6,20.37
08019004,8,2023,10,30.65
08019004,8,2023,15,20.75
08019004,8,2023,18,27.4
08019043,6,2023,3,0.29
08019043,6,2023,11,0.38
08019043,6,2023,19,0.51
08019043,7,2023,5,6.0
08019043,7,2023,24,19.31
08019042,12,2023,5,18.21
08019042,12,2023,24,38.67
08019057,9,2023,8,7.21
08019057,9,2023,9,7.53
08019057,9,2023,14,7.18
08019057,9,2023,20,11.84
08019044,7,2023,2,2.96
08019044,7,2023,22,10.23
08019044,12,2023,8,38.03
08019044,12,2023,9,52.83
08019044,12,2023,14,37.97
08019044,12,2023,20,48.36
08019043,14,2023,4,33.95
08019043,14,2023,7,29.18
08019043,14,2023,13,40.73
08019043,14,2023,21,28.34
08019057,7,2023,8,5.2
08019057,7,2023,9,11.7
08019057,7,2023,14,4.01
08019057,7,2023,20,6.54
08019044,1,2023,4,1.95
08019044,1,2023,7,1.97
08019044,1,2023,13,4.0
08019044,1,2023,21,2.19
08019057,1,2023,4,2.21
08019057,1,2023,7,2.17
08019057,1,2023,13,2.59
08019057,1,2023,21,2.36
08019050,7,2023,4,3.4
08019050,7,2023,7,4.2
08019050,7,2023,13,10.13
08019050,7,2023,21,6.71
08019054,1,2023,2,1.06
08019054,1,2023,22,1.2
08019054,8,2023,1,21.01
08019054,8,2023,12,16.05
08019054,8,2023,16,14.79
08019054,8,2023,17,17.0
08019054,8,2023,23,27.5
08019004,7,2023,1,7.9
08019004,7,2023,12,14.19
08019004,7,2023,16,4.93
08019004,7,2023,17,4.76
08019004,7,2023,23,10.33
08019042,8,2023,3,18.52
08019042,8,2023,11,23.78
08019042,8,2023,19,24.33
08019043,9,2023,8,9.78
08019043,9,2023,9,11.43
08019043,9,2023,14,10.33
08019043,9,2023,20,11.43
08019043,8,2023,6,24.74
08019043,8,2023,10,44.35
08019043,8,2023,15,32.26
08019043,8,2023,18,41.75
08019057,14,2023,4,47.62
08019057,14,2023,7,45.43
08019057,14,2023,13,56.96
08019057,14,2023,21,43.01
08019058,12,2023,1,6.84
08019058,12,2023,12,14.06
08019058,12,2023,16,14.88
08019058,12,2023,17,13.73
08019058,12,2023,23,7.16
08019054,14,2023,2,49.61
08019054,14,2023,22,44.18
08019043,10,2023,1,22.08
08019043,10,2023,12,36.66
08019043,10,2023,16,30.15
08019043,10,2023,17,32.25
08019043,10,2023,23,28.35
08019058,10,2023,1,12.17
08019058,10,2023,12,17.84
08019058,10,2023,16,18.82
08019058,10,2023,17,18.76
08019058,10,2023,23,13.47
08019058,8,2023,6,4.31
08019058,8,2023,10,6.57
08019058,8,2023,15,10.69
08019058,8,2023,18,11.56
08019054,6,2023,1,0.25
08019054,6,2023,12,0.23
08019054,6,2023,16,0.22
08019054,6,2023,17,0.22
08019054,6,2023,23,0.28
08019043,1,2023,8,1.95
08019043,1,2023,9,2.04
08019043,1,2023,14,2.09
08019043,1,2023,20,1.79
08019050,12,2023,8,48.83
08019050,12,2023,9,69.56
08019050,12,2023,14,37.41
08019050,12,2023,20,43.65
08019057,10,2023,3,9.4
08019057,10,2023,11,14.83
08019057,10,2023,19,21.14
08019050,14,2023,5,29.24
08019050,14,2023,24,27.08
08019004,10,2023,6,12.99
08019004,10,2023,10,28.6
08019004,10,2023,15,26.27
08019004,10,2023,18,38.91
08019004,12,2023,5,23.62
08019004,12,2023,24,46.66
08019044,10,2023,4,14.37
08019044,10,2023,7,15.15
08019044,10,2023,13,27.38
08019044,10,2023,21,27.12
08019044,8,2023,1,26.63
08019044,8,2023,12,26.31
08019044,8,2023,16,22.19
08019044,8,2023,17,24.07
08019044,8,2023,23,32.88
08019050,8,2023,2,28.95
08019050,8,2023,22,36.88
08019054,10,2023,3,13.13
08019054,10,2023,11,20.03
08019054,10,2023,19,25.91
08019057,8,2023,8,18.25
08019057,8,2023,9,24.01
08019057,8,2023,14,13.23
08019057,8,2023,20,26.61
08019054,7,2023,5,1.7
08019054,7,2023,24,3.77
08019044,6,2023,6,0.24
08019044,6,2023,10,0.36
08019044,6,2023,15,0.34
08019044,6,2023,18,0.33
08019057,6,2023,1,0.31
08019057,6,2023,12,0.34
08019057,6,2023,16,0.28
08019057,6,2023,17,0.27
08019057,6,2023,23,0.35
08019060,12,2025,5,27.22
08019060,12,2025,24,60.56
08019060,9,2025,1,14.84
08019060,9,2025,12,12.27
08019060,9,2025,16,11.21
08019060,9,2025,17,10.36
08019060,9,2025,23,15.85
08019060,7,2025,8,17.09
08019060,7,2025,9,27.56
08019060,7,2025,14,10.16
08019060,7,2025,20,22.41
08019054,10,2026,6,14.15
08019054,10,2026,10,19.73
08019054,10,2026,15,17.65
08019054,10,2026,18,17.13
08019044,14,2026,3,55.79
08019044,14,2026,11,57.17
08019044,14,2026,19,71.73
08019043,10,2026,8,22.38
08019043,10,2026,9,26.02
08019043,10,2026,14,24.46
08019043,10,2026,20,21.51
08019042,8,2026,8,26.15
08019042,8,2026,9,32.25
08019042,8,2026,14,16.48
08019042,8,2026,20,18.4
08019004,8,2026,2,22.19
08019004,8,2026,22,23.84
08019060,9,2026,6,11.66
08019060,9,2026,10,15.38
08019060,9,2026,15,10.23
08019060,9,2026,18,9.53
08019060,1,2026,4,2.28
08019060,1,2026,7,2.43
08019060,1,2026,13,2.59
08019060,1,2026,21,2.43
08019058,8,2026,6,3.97
08019058,8,2026,10,11.47
08019058,8,2026,15,9.73
08019058,8,2026,18,8.67
08019058,10,2026,1,30.86
08019058,10,2026,12,29.32
08019058,10,2026,16,22.99
08019058,10,2026,17,22.87
08019058,10,2026,23,23.47
08019057,10,2026,5,12.24
08019057,10,2026,24,14.1
08019054,6,2026,5,0.22
08019054,6,2026,24,0.26
08019050,8,2026,8,28.81
08019050,8,2026,9,34.17
08019050,8,2026,14,20.62
08019050,8,2026,20,22.84
08019044,8,2026,6,22.45
08019044,8,2026,10,36.46
08019044,8,2026,15,21.94
08019044,8,2026,18,27.33
08019043,8,2026,1,24.84
08019043,8,2026,12,32.35
08019043,8,2026,16,22.37
08019043,8,2026,17,23.0
08019043,8,2026,23,27.42
08019004,7,2026,1,1.92
08019004,7,2026,12,5.81
08019004,7,2026,16,2.27
08019004,7,2026,17,2.2
08019004,7,2026,23,2.14
08019054,12,2026,5,17.79
08019054,12,2026,24,28.93
08019054,14,2026,1,58.65
08019054,14,2026,12,80.57
08019054,14,2026,16,92.23
08019054,14,2026,17,90.58
08019054,14,2026,23,61.99
08019054,7,2026,4,1.78
08019054,7,2026,7,4.09
08019054,7,2026,13,2.8
08019054,7,2026,21,2.48
08019054,8,2026,6,20.73
08019054,8,2026,10,21.61
08019054,8,2026,15,13.19
08019054,8,2026,18,14.21
08019057,12,2026,8,38.25
08019057,12,2026,9,44.99
08019057,12,2026,14,16.93
08019057,12,2026,20,18.74
08019057,14,2026,5,53.45
08019057,14,2026,24,59.36
08019057,8,2026,2,14.05
08019057,8,2026,22,18.94
08019058,12,2026,3,6.04
08019058,12,2026,11,18.12
08019058,12,2026,19,10.93
08019058,14,2026,4,81.77
08019058,14,2026,7,80.66
08019058,14,2026,13,82.75
08019058,14,2026,21,79.37
08019060,6,2026,6,0.22
08019060,6,2026,10,0.31
08019060,6,2026,15,0.26
08019060,6,2026,18,0.28
08019060,7,2026,1,4.55
08019060,7,2026,12,11.44
08019060,7,2026,16,6.92
08019060,7,2026,17,6.98
08019060,7,2026,23,6.55
08019050,7,2026,2,2.33
08019050,7,2026,22,1.76
08019044,7,2026,3,3.38
08019044,7,2026,11,12.06
08019044,7,2026,19,5.53
08019044,1,2026,2,2.21
08019044,1,2026,22,2.17
08019043,14,2026,3,53.64
08019043,14,2026,11,58.75
08019043,14,2026,19,72.87
08019043,9,2026,2,10.9
08019043,9,2026,22,10.77
08019044,12,2026,6,28.87
08019044,12,2026,10,59.2
08019044,12,2026,15,31.67
08019044,12,2026,18,38.01
08019004,10,2026,4,15.23
08019004,10,2026,7,21.74
08019004,10,2026,13,26.63
08019004,10,2026,21,23.6
08019004,12,2026,4,20.08
08019004,12,2026,7,27.07
08019004,12,2026,13,25.25
08019004,12,2026,21,24.53
08019042,12,2026,4,16.24
08019042,12,2026,7,20.75
08019042,12,2026,13,24.66
08019042,12,2026,21,18.72
08019042,7,2026,8,3.78
08019042,7,2026,9,7.83
08019042,7,2026,14,2.53
08019042,7,2026,20,1.29
08019043,6,2026,1,0.23
08019043,6,2026,12,0.25
08019043,6,2026,16,0.23
08019043,6,2026,17,0.23
08019043,6,2026,23,0.25
08019054,9,2026,3,9.03
08019054,9,2026,11,9.77
08019054,9,2026,19,7.55
08019057,1,2026,6,1.41
08019057,1,2026,10,1.76
08019057,1,2026,15,1.74
08019057,1,2026,18,1.62
08019057,9,2026,6,7.79
08019057,9,2026,10,10.21
08019057,9,2026,15,7.7
08019057,9,2026,18,7.21
08019058,7,2026,2,1.07
08019058,7,2026,22,1.21
08019060,14,2026,2,42.71
08019060,14,2026,22,54.5
08019043,7,2026,8,13.5
08019043,7,2026,9,19.0
08019043,7,2026,14,8.19
08019043,7,2026,20,4.45
08019050,12,2026,2,22.22
08019050,12,2026,22,24.12
08019060,12,2026,4,23.87
08019060,12,2026,7,33.6
08019060,12,2026,13,40.77
08019060,12,2026,21,39.12
08019057,6,2026,1,0.29
08019057,6,2026,12,0.33
08019057,6,2026,16,0.29
08019057,6,2026,17,0.29
08019057,6,2026,23,0.33
08019043,10,2025,19,22.46
08019057,1,2025,8,1.55
08019057,1,2025,9,1.64
08019057,1,2025,20,1.56
08019058,7,2025,2,1.22
08019058,7,2025,22,1.57
08019057,6,2025,3,0.24
08019057,6,2025,11,0.3
08019057,6,2025,19,0.27
08019057,14,2025,2,57.1
08019057,14,2025,22,64.0
08019054,6,2025,3,0.22
08019054,6,2025,11,0.24
08019054,6,2025,19,0.23
08019050,12,2025,8,38.66
08019050,12,2025,9,55.76
08019050,12,2025,14,23.97
08019050,12,2025,20,27.25
08019043,8,2025,3,22.61
08019043,8,2025,11,33.56
08019043,8,2025,19,31.14
08019044,12,2025,1,26.82
08019044,12,2025,12,45.86
08019044,12,2025,16,34.14
08019044,12,2025,17,35.48
08019044,12,2025,23,34.02
08019057,1,2025,14,1.78
08019054,12,2025,5,18.81
08019054,12,2025,24,27.64
08019043,14,2025,15,72.6
08019043,14,2025,18,69.29
08019004,7,2025,1,3.59
08019004,7,2025,12,7.97
08019004,7,2025,16,2.55
08019004,7,2025,17,2.3
08019004,7,2025,23,4.07
08019004,12,2025,2,26.32
08019004,12,2025,22,31.24
08019043,1,2025,3,1.87
08019043,1,2025,11,2.09
08019043,1,2025,19,2.04
08019043,7,2025,5,3.15
08019043,7,2025,24,5.38
08019054,1,2025,6,2.0
08019054,1,2025,10,2.2
08019054,1,2025,15,2.26
08019054,1,2025,18,2.2
08019004,8,2025,4,20.49
08019004,8,2025,7,23.29
08019004,8,2025,13,17.91
08019004,8,2025,21,26.14
08019058,8,2025,1,6.21
08019058,8,2025,12,10.04
08019058,8,2025,16,9.04
08019058,8,2025,17,8.83
08019058,8,2025,23,7.35
08019054,9,2025,3,8.74
08019054,9,2025,11,9.17
08019054,9,2025,19,8.21
08019043,9,2025,3,10.71
08019043,9,2025,11,11.54
08019043,9,2025,19,9.38
08019043,6,2025,5,0.22
08019043,6,2025,24,0.3
08019058,10,2025,2,13.58
08019058,10,2025,22,18.86
08019057,10,2025,8,20.02
08019057,10,2025,9,24.82
08019057,10,2025,14,20.9
08019057,10,2025,20,15.99
08019043,10,2025,3,18.79
08019043,10,2025,11,26.72
08019004,10,2025,3,15.9
08019004,10,2025,11,27.76
08019004,10,2025,19,24.16
08019042,7,2025,8,3.26
08019042,7,2025,9,7.22
08019042,7,2025,14,2.52
08019042,7,2025,20,2.08
08019042,8,2025,6,14.18
08019042,8,2025,10,25.59
08019042,8,2025,15,12.84
08019042,8,2025,18,14.22
08019044,14,2025,5,50.52
08019044,14,2025,24,53.71
08019044,7,2025,6,5.08
08019044,7,2025,10,15.67
08019044,7,2025,15,6.9
08019044,7,2025,18,7.49
08019050,14,2025,4,36.88
08019050,14,2025,7,31.83
08019050,14,2025,13,63.14
08019050,14,2025,21,56.14
08019050,7,2025,4,2.42
08019050,7,2025,7,3.53
08019050,7,2025,13,5.41
08019050,7,2025,21,2.34
08019050,8,2025,2,21.6
08019050,8,2025,22,24.37
08019054,10,2025,8,16.27
08019054,10,2025,9,18.48
08019054,10,2025,14,18.46
08019054,10,2025,20,18.63
08019054,14,2025,5,51.97
08019054,14,2025,24,54.26
08019054,8,2025,1,20.91
08019054,8,2025,12,14.94
08019054,8,2025,16,11.66
08019054,8,2025,17,11.91
08019054,8,2025,23,25.06
08019057,7,2025,2,1.09
08019057,7,2025,22,1.8
08019057,8,2025,1,14.53
08019057,8,2025,12,15.43
08019057,8,2025,16,10.9
08019057,8,2025,17,11.69
08019057,8,2025,23,17.0
08019057,9,2025,2,8.21
08019057,9,2025,22,8.4
08019058,12,2025,4,5.45
08019058,12,2025,7,5.25
08019058,12,2025,13,13.48
08019058,12,2025,21,11.54
08019043,14,2025,6,44.75
08019043,14,2025,10,41.55
08019060,10,2025,4,20.16
08019060,10,2025,7,18.18
08019060,10,2025,13,25.73
08019060,10,2025,21,25.99
08019060,14,2025,8,18.96
08019060,14,2025,9,18.62
08019060,14,2025,14,44.39
08019060,14,2025,20,27.37
08019060,6,2025,6,0.22
08019060,6,2025,10,0.29
08019060,6,2025,15,0.27
08019060,6,2025,18,0.35
08019060,1,2025,2,2.58
08019060,1,2025,22,2.84
08019057,14,2024,8,43.32
08019057,14,2024,9,43.29
08019057,14,2024,14,73.93
08019057,14,2024,20,67.23
08019044,8,2024,6,19.9
08019044,8,2024,10,34.25
08019044,8,2024,15,24.24
08019044,8,2024,18,27.95
08019054,12,2024,5,18.28
08019054,12,2024,24,31.86
08019044,7,2024,6,5.58
08019044,7,2024,10,19.91
08019044,7,2024,15,8.61
08019044,7,2024,18,8.18
08019057,10,2024,5,12.16
08019057,10,2024,24,14.73
08019043,8,2024,1,30.77
08019043,8,2024,12,33.93
08019043,8,2024,16,27.77
08019043,8,2024,17,29.62
08019043,8,2024,23,34.21
08019004,12,2024,4,22.78
08019004,12,2024,7,29.76
08019004,12,2024,13,31.04
08019004,12,2024,21,34.9
08019004,7,2024,1,4.73
08019004,7,2024,12,9.78
08019004,7,2024,16,2.86
08019004,7,2024,17,2.88
08019004,7,2024,23,6.16
08019054,7,2024,3,1.95
08019054,7,2024,11,5.67
08019054,7,2024,19,5.85
08019004,10,2024,6,13.98
08019004,10,2024,10,27.63
08019004,10,2024,15,22.04
08019004,10,2024,18,28.38
08019043,10,2024,5,16.79
08019043,10,2024,24,21.97
08019054,1,2024,6,1.41
08019054,1,2024,10,1.58
08019054,1,2024,15,1.72
08019054,1,2024,18,1.57
08019044,14,2024,2,50.87
08019044,14,2024,22,53.58
08019050,8,2024,1,25.95
08019050,8,2024,12,27.24
08019050,8,2024,16,19.0
08019050,8,2024,17,20.21
08019050,8,2024,23,26.05
08019050,12,2024,8,44.09
08019050,12,2024,9,61.65
08019050,12,2024,14,28.08
08019050,12,2024,20,30.94
08019042,12,2024,8,29.97
08019042,12,2024,9,43.33
08019042,12,2024,14,19.9
08019042,12,2024,20,25.87
08019042,7,2024,8,4.43
08019042,7,2024,9,9.48
08019042,7,2024,14,3.16
08019042,7,2024,20,3.19
08019042,8,2024,1,20.59
08019042,8,2024,12,19.01
08019042,8,2024,16,12.6
08019042,8,2024,17,13.25
08019042,8,2024,23,23.42
08019043,14,2024,4,43.61
08019043,14,2024,7,35.39
08019043,14,2024,13,56.3
08019043,14,2024,21,49.45
08019043,1,2024,3,1.69
08019043,1,2024,11,1.98
08019043,1,2024,19,1.92
08019043,6,2024,8,0.42
08019043,6,2024,9,0.53
08019043,6,2024,14,0.32
08019043,6,2024,20,0.44
08019043,7,2024,3,6.37
08019043,7,2024,11,18.8
08019043,7,2024,19,12.41
08019044,12,2024,1,32.16
08019044,12,2024,12,53.75
08019044,12,2024,16,39.46
08019044,12,2024,17,40.51
08019044,12,2024,23,39.06
08019044,1,2024,6,1.71
08019044,1,2024,10,1.98
08019044,1,2024,15,1.94
08019044,1,2024,18,1.78
08019050,14,2024,6,33.87
08019050,14,2024,10,35.59
08019050,14,2024,15,65.7
08019050,14,2024,18,63.84
08019050,7,2024,4,3.12
08019050,7,2024,7,4.85
08019050,7,2024,13,7.13
08019050,7,2024,21,3.29
08019054,10,2024,1,17.26
08019054,10,2024,12,20.95
08019054,10,2024,16,20.45
08019054,10,2024,17,20.59
08019054,10,2024,23,19.9
08019054,14,2024,2,50.4
08019054,14,2024,22,56.26
08019054,6,2024,3,0.21
08019054,6,2024,11,0.23
08019054,6,2024,19,0.24
08019054,8,2024,8,27.72
08019054,8,2024,9,25.36
08019054,8,2024,14,13.36
08019054,8,2024,20,22.34
08019054,9,2024,6,8.15
08019054,9,2024,10,8.83
08019054,9,2024,15,9.53
08019054,9,2024,18,9.28
08019057,12,2024,4,10.78
08019057,12,2024,7,15.57
08019057,12,2024,13,18.11
08019057,12,2024,21,25.24
08019057,1,2024,8,1.92
08019057,1,2024,9,2.05
08019057,1,2024,14,2.35
08019057,1,2024,20,2.02
08019057,7,2024,8,4.45
08019057,7,2024,9,10.23
08019057,7,2024,14,3.01
08019057,7,2024,20,2.84
08019057,8,2024,8,21.16
08019057,8,2024,9,25.54
08019057,8,2024,14,12.96
08019057,8,2024,20,19.34
08019057,9,2024,4,7.71
08019057,9,2024,7,8.07
08019057,9,2024,13,9.08
08019057,9,2024,21,9.09
08019058,10,2024,4,11.63
08019058,10,2024,7,12.24
08019058,10,2024,13,19.2
08019058,10,2024,21,16.79
08019058,12,2024,2,5.98
08019058,12,2024,22,8.6
08019058,7,2024,2,1.02
08019058,7,2024,22,1.12
08019058,8,2024,4,4.99
08019058,8,2024,7,4.27
08019058,8,2024,13,10.6
08019058,8,2024,21,9.24
08019044,10,2024,1,21.62
08019044,10,2024,12,28.86
08019044,10,2024,16,26.93
08019044,10,2024,17,27.78
08019044,10,2024,23,25.9
08019004,8,2023,2,28.47
08019004,8,2023,22,35.47
08019043,6,2023,4,0.25
08019043,6,2023,7,0.3
08019043,6,2023,13,0.34
08019043,6,2023,21,0.58
08019058,14,2023,5,66.7
08019058,14,2023,24,69.55
08019057,9,2023,1,7.47
08019057,9,2023,12,8.24
08019057,9,2023,16,7.16
08019057,9,2023,17,7.19
08019057,9,2023,23,13.3
08019044,7,2023,6,2.99
08019044,7,2023,10,13.69
08019044,7,2023,15,6.94
08019044,7,2023,18,7.25
08019044,12,2023,1,33.15
08019044,12,2023,12,41.26
08019044,12,2023,16,31.06
08019044,12,2023,17,32.82
08019044,12,2023,23,44.88
08019043,14,2023,3,32.21
08019043,14,2023,11,30.68
08019043,14,2023,19,34.98
08019057,7,2023,1,2.2
08019057,7,2023,12,5.63
08019057,7,2023,16,3.05
08019057,7,2023,17,2.44
08019057,7,2023,23,4.6
08019044,1,2023,3,2.0
08019044,1,2023,11,2.23
08019044,1,2023,19,2.09
08019057,1,2023,3,2.16
08019057,1,2023,11,2.43
08019057,1,2023,19,2.37
08019050,7,2023,3,4.78
08019050,7,2023,11,17.46
08019050,7,2023,19,5.7
08019054,1,2023,6,1.09
08019054,1,2023,10,1.27
08019054,1,2023,15,1.5
08019054,1,2023,18,1.24
08019054,8,2023,8,21.56
08019054,8,2023,9,25.03
08019054,8,2023,14,15.08
08019054,8,2023,20,27.41
08019042,7,2023,5,2.18
08019042,7,2023,24,7.22
08019004,7,2023,8,11.45
08019004,7,2023,9,17.41
08019004,7,2023,14,7.84
08019004,7,2023,20,9.03
08019042,8,2023,4,17.44
08019042,8,2023,7,18.2
08019042,8,2023,13,17.56
08019042,8,2023,21,31.2
08019057,12,2023,5,12.33
08019057,12,2023,24,26.04
08019058,7,2023,5,1.2
08019058,7,2023,24,1.19
08019043,9,2023,1,12.22
08019043,9,2023,12,12.07
08019043,9,2023,16,10.13
08019043,9,2023,17,10.21
08019043,9,2023,23,14.36
08019043,8,2023,2,32.43
08019043,8,2023,22,49.26
08019044,14,2023,5,42.59
08019044,14,2023,24,34.41
08019057,14,2023,3,47.47
08019057,14,2023,11,48.9
08019057,14,2023,19,49.34
08019058,12,2023,8,5.24
08019058,12,2023,9,6.98
08019058,12,2023,14,15.33
08019058,12,2023,20,9.57
08019054,14,2023,6,50.47
08019054,14,2023,10,46.04
08019054,14,2023,15,66.06
08019054,14,2023,18,58.53
08019043,10,2023,8,20.21
08019043,10,2023,9,29.78
08019043,10,2023,14,32.07
08019043,10,2023,20,30.62
08019058,10,2023,8,11.31
08019058,10,2023,9,12.48
08019058,10,2023,14,19.84
08019058,10,2023,20,16.83
08019058,8,2023,2,5.66
08019058,8,2023,22,7.62
08019054,6,2023,8,0.25
08019054,6,2023,9,0.29
08019054,6,2023,14,0.23
08019054,6,2023,20,0.28
08019043,1,2023,1,1.74
08019043,1,2023,12,1.91
08019043,1,2023,16,2.07
08019043,1,2023,17,1.93
08019043,1,2023,23,1.84
08019050,12,2023,1,43.3
08019050,12,2023,12,57.15
08019050,12,2023,16,35.24
08019050,12,2023,17,36.08
08019050,12,2023,23,50.98
08019057,10,2023,4,9.69
08019057,10,2023,7,9.13
08019057,10,2023,13,15.13
08019057,10,2023,21,27.05
08019004,10,2023,2,16.73
08019004,10,2023,22,22.92
08019044,10,2023,3,15.16
08019044,10,2023,11,26.7
08019044,10,2023,19,32.6
08019044,8,2023,8,25.35
08019044,8,2023,9,32.2
08019044,8,2023,14,24.91
08019044,8,2023,20,34.06
08019050,8,2023,6,21.12
08019050,8,2023,10,36.51
08019050,8,2023,15,23.83
08019050,8,2023,18,31.16
08019054,10,2023,4,12.35
08019054,10,2023,7,12.82
08019054,10,2023,13,21.36
08019054,10,2023,21,24.71
08019057,8,2023,1,16.65
08019057,8,2023,12,15.59
08019057,8,2023,16,13.52
08019057,8,2023,17,14.94
08019057,8,2023,23,24.25
08019044,6,2023,2,0.26
08019044,6,2023,22,0.42
08019057,6,2023,8,0.32
08019057,6,2023,9,0.38
08019057,6,2023,14,0.27
08019057,6,2023,20,0.33
08019060,8,2025,5,20.01
08019060,8,2025,24,36.28
08019060,9,2025,8,10.94
08019060,9,2025,9,12.14
08019060,9,2025,14,10.6
08019060,9,2025,20,12.98
08019060,7,2025,1,12.41
08019060,7,2025,12,18.42
08019060,7,2025,16,10.76
08019060,7,2025,17,10.56
08019060,7,2025,23,19.02
08019044,14,2026,1,59.95
08019044,14,2026,12,63.63
08019044,14,2026,16,76.61
08019044,14,2026,17,74.93
08019044,14,2026,23,63.02
08019043,10,2026,4,19.21
08019043,10,2026,7,19.65
08019043,10,2026,13,25.39
08019043,10,2026,21,21.94
08019042,8,2026,4,16.57
08019042,8,2026,7,20.25
08019042,8,2026,13,20.11
08019042,8,2026,21,19.39
08019004,8,2026,5,20.19
08019004,8,2026,24,26.17
08019060,1,2026,8,2.56
08019060,1,2026,9,2.73
08019060,1,2026,14,2.63
08019060,1,2026,20,2.41
08019058,10,2026,3,18.22
08019058,10,2026,11,28.33
08019058,10,2026,19,23.16
08019057,10,2026,2,13.64
08019057,10,2026,22,14.22
08019054,6,2026,2,0.24
08019054,6,2026,22,0.26
08019050,8,2026,4,19.04
08019050,8,2026,7,22.1
08019050,8,2026,13,21.15
08019050,8,2026,21,22.49
08019043,8,2026,3,21.09
08019043,8,2026,11,35.47
08019043,8,2026,19,27.33
08019004,7,2026,3,1.47
08019004,7,2026,11,8.74
08019004,7,2026,19,2.13
08019054,12,2026,2,22.88
08019054,12,2026,22,26.24
08019054,14,2026,3,59.53
08019054,14,2026,11,71.36
08019054,14,2026,19,85.58
08019054,7,2026,8,7.02
08019054,7,2026,9,6.64
08019054,7,2026,14,2.6
08019054,7,2026,20,1.62
08019057,12,2026,4,13.96
08019057,12,2026,7,23.8
08019057,12,2026,13,20.45
08019057,12,2026,21,20.73
08019057,14,2026,2,56.78
08019057,14,2026,22,67.23
08019057,7,2026,6,2.03
08019057,7,2026,10,9.26
08019057,7,2026,15,2.94
08019057,7,2026,18,2.34
08019057,8,2026,5,12.13
08019057,8,2026,24,18.27
08019058,12,2026,1,7.94
08019058,12,2026,12,15.73
08019058,12,2026,16,10.5
08019058,12,2026,17,10.07
08019058,12,2026,23,10.81
08019058,14,2026,8,78.81
08019058,14,2026,9,74.31
08019058,14,2026,14,85.97
08019058,14,2026,20,81.55
08019060,10,2026,6,20.14
08019060,10,2026,10,42.44
08019060,10,2026,15,21.25
08019060,10,2026,18,20.89
08019060,7,2026,3,3.22
08019060,7,2026,11,15.01
08019060,7,2026,19,7.76
08019050,7,2026,5,1.81
08019050,7,2026,24,2.21
08019050,14,2026,6,35.82
08019050,14,2026,10,43.84
08019050,14,2026,15,74.2
08019050,14,2026,18,72.89
08019044,7,2026,1,3.44
08019044,7,2026,12,11.87
08019044,7,2026,16,7.55
08019044,7,2026,17,7.57
08019044,7,2026,23,3.97
08019044,1,2026,5,2.16
08019044,1,2026,24,2.24
08019043,14,2026,1,55.71
08019043,14,2026,12,66.16
08019043,14,2026,16,80.43
08019043,14,2026,17,80.17
08019043,14,2026,23,59.31
08019043,1,2026,6,3.33
08019043,1,2026,10,3.96
08019043,1,2026,15,4.06
08019043,1,2026,18,3.72
08019043,9,2026,5,10.17
08019043,9,2026,24,11.54
08019004,10,2026,8,22.79
08019004,10,2026,9,31.22
08019004,10,2026,14,25.45
08019004,10,2026,20,23.6
08019004,12,2026,8,40.82
08019004,12,2026,9,51.13
08019004,12,2026,14,22.95
08019004,12,2026,20,24.02
08019042,12,2026,8,30.25
08019042,12,2026,9,43.19
08019042,12,2026,14,19.28
08019042,12,2026,20,18.11
08019042,7,2026,4,1.66
08019042,7,2026,7,1.97
08019042,7,2026,13,3.56
08019042,7,2026,21,1.26
08019043,6,2026,3,0.22
08019043,6,2026,11,0.27
08019043,6,2026,19,0.26
08019054,1,2026,6,2.21
08019054,1,2026,10,2.5
08019054,1,2026,15,2.47
08019054,1,2026,18,2.36
08019054,9,2026,1,9.33
08019054,9,2026,12,9.52
08019054,9,2026,16,7.89
08019054,9,2026,17,7.77
08019054,9,2026,23,9.18
08019058,7,2026,5,1.06
08019058,7,2026,24,1.93
08019060,14,2026,5,39.36
08019060,14,2026,24,46.11
08019060,8,2026,6,20.86
08019060,8,2026,10,37.51
08019060,8,2026,15,21.97
08019060,8,2026,18,24.06
08019043,7,2026,4,2.5
08019043,7,2026,7,5.77
08019043,7,2026,13,8.87
08019043,7,2026,21,4.25
08019050,12,2026,5,21.01
08019050,12,2026,24,24.04
08019060,12,2026,8,51.87
08019060,12,2026,9,73.03
08019060,12,2026,14,37.22
08019060,12,2026,20,38.89
08019057,6,2026,3,0.26
08019057,6,2026,11,0.36
08019057,6,2026,19,0.29
08019043,10,2025,23,21.63
08019057,1,2025,4,1.48
08019057,1,2025,7,1.52
08019057,1,2025,21,1.52
08019058,7,2025,5,1.21
08019058,7,2025,24,2.24
08019058,14,2025,6,74.44
08019058,14,2025,10,66.63
08019058,14,2025,15,79.6
08019058,14,2025,18,78.25
08019057,6,2025,1,0.25
08019057,6,2025,17,0.26
08019057,6,2025,23,0.27
08019057,14,2025,5,55.51
08019057,14,2025,24,59.5
08019057,12,2025,6,10.71
08019057,12,2025,10,34.86
08019057,12,2025,18,15.54
08019054,7,2025,6,2.44
08019054,7,2025,10,6.32
08019054,7,2025,15,2.31
08019054,7,2025,18,2.59
08019054,6,2025,1,0.24
08019054,6,2025,12,0.22
08019054,6,2025,16,0.21
08019054,6,2025,17,0.21
08019054,6,2025,23,0.27
08019050,12,2025,4,22.5
08019050,12,2025,7,25.88
08019050,12,2025,13,28.19
08019050,12,2025,21,28.17
08019044,8,2025,6,18.66
08019044,8,2025,10,32.89
08019044,8,2025,15,22.29
08019044,8,2025,18,27.17
08019044,1,2025,6,1.95
08019044,1,2025,10,2.19
08019044,1,2025,15,2.07
08019044,1,2025,18,2.04
08019043,8,2025,1,27.7
08019043,8,2025,12,30.92
08019043,8,2025,16,24.42
08019043,8,2025,17,26.01
08019043,8,2025,23,30.63
08019044,12,2025,3,22.82
08019044,12,2025,11,49.73
08019044,12,2025,19,38.03
08019057,1,2025,13,1.76
08019054,12,2025,2,23.25
08019054,12,2025,22,31.54
08019004,7,2025,3,2.07
08019004,7,2025,11,11.01
08019004,7,2025,19,2.81
08019004,12,2025,5,21.03
08019004,12,2025,24,29.49
08019043,1,2025,1,1.93
08019043,1,2025,12,2.13
08019043,1,2025,16,2.14
08019043,1,2025,17,2.09
08019043,1,2025,23,1.93
08019043,7,2025,2,4.28
08019043,7,2025,22,6.34
08019004,8,2025,8,28.64
08019004,8,2025,9,30.79
08019004,8,2025,14,15.97
08019004,8,2025,20,23.8
08019058,8,2025,3,4.54
08019058,8,2025,11,9.24
08019058,8,2025,19,9.19
08019054,9,2025,1,9.45
08019054,9,2025,12,9.14
08019054,9,2025,16,8.72
08019054,9,2025,17,8.34
08019054,9,2025,23,9.32
08019043,9,2025,1,11.51
08019043,9,2025,12,11.2
08019043,9,2025,16,9.76
08019043,9,2025,17,9.59
08019043,9,2025,23,11.94
08019043,6,2025,2,0.24
08019043,6,2025,22,0.33
08019058,10,2025,5,13.66
08019058,10,2025,24,24.83
08019057,10,2025,4,13.48
08019057,10,2025,7,14.62
08019057,10,2025,13,21.51
08019057,10,2025,21,15.57
08019043,10,2025,1,20.53
08019043,10,2025,12,26.67
08019043,10,2025,16,22.6
08019043,10,2025,17,24.09
08019004,10,2025,1,19.28
08019004,10,2025,12,27.61
08019004,10,2025,16,22.86
08019004,10,2025,17,23.63
08019004,10,2025,23,20.57
08019042,12,2025,6,15.01
08019042,12,2025,10,38.58
08019042,12,2025,15,15.68
08019042,12,2025,18,15.98
08019042,7,2025,4,1.79
08019042,7,2025,7,1.66
08019042,7,2025,13,2.9
08019042,7,2025,21,2.15
08019044,14,2025,2,52.54
08019044,14,2025,22,54.61
08019050,14,2025,8,28.37
08019050,14,2025,9,29.85
08019050,14,2025,14,68.42
08019050,14,2025,20,60.04
08019050,7,2025,8,7.52
08019050,7,2025,9,15.0
08019050,7,2025,14,4.26
08019050,7,2025,20,2.6
08019050,8,2025,5,18.37
08019050,8,2025,24,22.78
08019054,10,2025,4,14.38
08019054,10,2025,7,14.81
08019054,10,2025,13,18.88
08019054,10,2025,21,19.73
08019054,14,2025,2,52.4
08019054,14,2025,22,59.95
08019054,8,2025,3,16.68
08019054,8,2025,11,16.95
08019054,8,2025,19,17.94
08019057,12,2025,15,13.52
08019057,6,2025,12,0.28
08019057,6,2025,16,0.25
08019057,7,2025,5,1.03
08019057,7,2025,24,1.44
08019057,8,2025,3,10.88
08019057,8,2025,11,17.86
08019057,8,2025,19,16.06
08019057,9,2025,5,8.01
08019057,9,2025,24,8.62
08019058,12,2025,8,5.85
08019058,12,2025,9,8.07
08019058,12,2025,14,12.79
08019058,12,2025,20,10.75
08019060,10,2025,8,21.75
08019060,10,2025,9,29.95
08019060,10,2025,14,24.98
08019060,10,2025,20,25.51
08019060,14,2025,4,25.09
08019060,14,2025,7,21.58
08019060,14,2025,13,40.49
08019060,14,2025,21,23.27
08019060,1,2025,5,2.55
08019060,1,2025,24,2.76
08019057,14,2024,4,55.28
08019057,14,2024,7,48.39
08019057,14,2024,13,69.98
08019057,14,2024,21,62.43
08019054,12,2024,2,23.88
08019054,12,2024,22,35.21
08019057,10,2024,2,13.24
08019057,10,2024,22,15.97
08019043,8,2024,3,24.38
08019043,8,2024,11,36.17
08019043,8,2024,19,35.4
08019004,12,2024,8,43.44
08019004,12,2024,9,55.35
08019004,12,2024,14,24.94
08019004,12,2024,20,31.34
08019004,7,2024,3,2.41
08019004,7,2024,11,12.44
08019004,7,2024,19,3.57
08019054,7,2024,1,3.46
08019054,7,2024,12,4.67
08019054,7,2024,16,2.49
08019054,7,2024,17,2.63
08019054,7,2024,23,4.57
08019043,10,2024,2,18.93
08019043,10,2024,22,23.25
08019044,14,2024,5,49.02
08019044,14,2024,24,51.86
08019050,8,2024,3,22.8
08019050,8,2024,11,31.53
08019050,8,2024,19,24.32
08019050,12,2024,4,25.63
08019050,12,2024,7,29.54
08019050,12,2024,13,33.51
08019050,12,2024,21,31.52
08019004,8,2024,6,20.63
08019004,8,2024,10,30.24
08019004,8,2024,15,16.65
08019004,8,2024,18,19.58
08019042,12,2024,4,18.17
08019042,12,2024,7,20.68
08019042,12,2024,13,22.22
08019042,12,2024,21,27.73
08019042,7,2024,4,2.39
08019042,7,2024,7,2.38
08019042,7,2024,13,3.67
08019042,7,2024,21,3.44
08019042,8,2024,3,16.72
08019042,8,2024,11,23.24
08019042,8,2024,19,17.74
08019043,14,2024,8,29.24
08019043,14,2024,9,28.44
08019043,14,2024,14,60.65
08019043,14,2024,20,52.84
08019043,1,2024,1,1.76
08019043,1,2024,12,2.04
08019043,1,2024,16,2.0
08019043,1,2024,17,1.95
08019043,1,2024,23,1.82
08019043,6,2024,4,0.25
08019043,6,2024,7,0.29
08019043,6,2024,13,0.3
08019043,6,2024,21,0.45
08019043,7,2024,1,8.98
08019043,7,2024,12,16.12
08019043,7,2024,16,10.83
08019043,7,2024,17,11.2
08019043,7,2024,23,9.75
08019043,9,2024,6,9.37
08019043,9,2024,10,12.07
08019043,9,2024,15,9.47
08019043,9,2024,18,9.47
08019044,12,2024,3,25.55
08019044,12,2024,11,58.53
08019044,12,2024,19,38.21
08019050,7,2024,8,9.51
08019050,7,2024,9,17.48
08019050,7,2024,14,5.2
08019050,7,2024,20,3.16
08019054,10,2024,3,14.42
08019054,10,2024,11,20.09
08019054,10,2024,19,21.87
08019054,14,2024,5,50.98
08019054,14,2024,24,50.48
08019054,6,2024,1,0.24
08019054,6,2024,12,0.22
08019054,6,2024,16,0.21
08019054,6,2024,17,0.21
08019054,6,2024,23,0.26
08019054,8,2024,4,16.6
08019054,8,2024,7,23.62
08019054,8,2024,13,14.42
08019054,8,2024,21,25.23
08019057,12,2024,8,27.26
08019057,12,2024,9,40.71
08019057,12,2024,14,17.3
08019057,12,2024,20,22.83
08019057,1,2024,4,1.88
08019057,1,2024,7,1.88
08019057,1,2024,13,2.33
08019057,1,2024,21,1.96
08019057,6,2024,6,0.26
08019057,6,2024,10,0.35
08019057,6,2024,15,0.27
08019057,6,2024,18,0.27
08019057,7,2024,4,1.13
08019057,7,2024,7,1.48
08019057,7,2024,13,3.16
08019057,7,2024,21,3.07
08019057,8,2024,4,10.03
08019057,8,2024,7,14.17
08019057,8,2024,13,13.56
08019057,8,2024,21,21.38
08019057,9,2024,8,8.77
08019057,9,2024,9,9.98
08019057,9,2024,14,9.07
08019057,9,2024,20,8.88
08019058,10,2024,8,12.66
08019058,10,2024,9,13.77
08019058,10,2024,14,18.48
08019058,10,2024,20,17.02
08019058,12,2024,5,4.42
08019058,12,2024,24,6.74
08019058,14,2024,6,74.85
08019058,14,2024,10,68.46
08019058,14,2024,15,79.75
08019058,14,2024,18,80.03
08019058,7,2024,5,1.01
08019058,7,2024,24,1.02
08019058,8,2024,8,4.78
08019058,8,2024,9,6.37
08019058,8,2024,14,10.35
08019058,8,2024,20,9.29
08019044,10,2024,3,16.52
08019044,10,2024,11,30.19
08019044,10,2024,19,28.69
08019054,12,2023,6,14.72
08019054,12,2023,10,33.25
08019054,12,2023,15,19.74
08019054,12,2023,18,29.58
08019004,8,2023,5,20.91
08019004,8,2023,24,33.99
08019043,6,2023,8,0.45
08019043,6,2023,9,0.56
08019043,6,2023,14,0.37
08019043,6,2023,20,0.54
08019043,7,2023,6,6.9
08019043,7,2023,10,33.38
08019043,7,2023,15,14.05
08019043,7,2023,18,15.61
08019042,12,2023,6,16.81
08019042,12,2023,10,51.77
08019042,12,2023,15,18.7
08019042,12,2023,18,24.9
08019058,14,2023,2,68.48
08019058,14,2023,22,69.36
08019057,9,2023,3,6.99
08019057,9,2023,11,8.16
08019057,9,2023,19,9.6
08019044,12,2023,3,20.44
08019044,12,2023,11,41.42
08019044,12,2023,19,42.62
08019043,14,2023,1,28.65
08019043,14,2023,12,36.4
08019043,14,2023,16,49.02
08019043,14,2023,17,45.49
08019043,14,2023,23,26.12
08019057,7,2023,3,1.31
08019057,7,2023,11,7.78
08019057,7,2023,19,4.65
08019044,1,2023,1,2.08
08019044,1,2023,12,3.72
08019044,1,2023,16,2.23
08019044,1,2023,17,2.23
08019044,1,2023,23,2.16
08019057,1,2023,1,2.28
08019057,1,2023,12,2.49
08019057,1,2023,16,2.5
08019057,1,2023,17,2.34
08019057,1,2023,23,2.3
08019050,7,2023,1,7.98
08019050,7,2023,12,14.54
08019050,7,2023,16,6.28
08019050,7,2023,17,5.67
08019050,7,2023,23,9.55
08019054,8,2023,4,13.55
08019054,8,2023,7,16.21
08019054,8,2023,13,15.32
08019054,8,2023,21,29.37
08019042,7,2023,2,3.76
08019042,7,2023,22,8.48
08019004,7,2023,4,3.17
08019004,7,2023,7,4.63
08019004,7,2023,13,11.89
08019004,7,2023,21,9.97
08019042,8,2023,8,23.69
08019042,8,2023,9,30.31
08019042,8,2023,14,14.85
08019042,8,2023,20,27.27
08019057,12,2023,2,14.27
08019057,12,2023,22,37.25
08019058,7,2023,2,1.26
08019058,7,2023,22,1.17
08019043,9,2023,3,10.11
08019043,9,2023,11,11.89
08019043,9,2023,19,11.01
08019043,8,2023,5,23.64
08019043,8,2023,24,44.27
08019044,14,2023,2,38.91
08019044,14,2023,22,33.5
08019057,14,2023,1,44.63
08019057,14,2023,12,52.19
08019057,14,2023,16,65.22
08019057,14,2023,17,63.73
08019057,14,2023,23,40.26
08019058,12,2023,4,5.79
08019058,12,2023,7,4.41
08019058,12,2023,13,15.43
08019058,12,2023,21,8.91
08019043,10,2023,4,16.51
08019043,10,2023,7,15.98
08019043,10,2023,13,32.77
08019043,10,2023,21,30.53
08019058,10,2023,4,11.24
08019058,10,2023,7,10.73
08019058,10,2023,13,18.82
08019058,10,2023,21,15.31
08019058,8,2023,5,4.99
08019058,8,2023,24,5.95
08019054,6,2023,4,0.21
08019054,6,2023,7,0.22
08019054,6,2023,13,0.23
08019054,6,2023,21,0.3
08019043,1,2023,3,1.68
08019043,1,2023,11,1.89
08019043,1,2023,19,1.84
08019050,12,2023,3,33.14
08019050,12,2023,11,62.07
08019050,12,2023,19,41.78
08019057,10,2023,8,9.6
08019057,10,2023,9,12.15
08019057,10,2023,14,13.99
08019057,10,2023,20,24.86
08019050,14,2023,6,29.74
08019050,14,2023,10,26.02
08019050,14,2023,15,53.98
08019050,14,2023,18,45.78
08019004,10,2023,5,13.37
08019004,10,2023,24,19.94
08019004,12,2023,6,23.62
08019004,12,2023,10,62.29
08019004,12,2023,15,27.98
08019004,12,2023,18,35.72
08019044,10,2023,1,18.95
08019044,10,2023,12,28.93
08019044,10,2023,16,26.86
08019044,10,2023,17,30.72
08019044,10,2023,23,24.35
08019044,8,2023,4,16.33
08019044,8,2023,7,19.32
08019044,8,2023,13,25.72
08019044,8,2023,21,36.0
08019054,10,2023,8,14.68
08019054,10,2023,9,18.05
08019054,10,2023,14,23.1
08019054,10,2023,20,25.83
08019057,8,2023,3,11.81
08019057,8,2023,11,17.18
08019057,8,2023,19,24.58
08019054,7,2023,6,1.41
08019054,7,2023,10,8.19
08019054,7,2023,15,3.51
08019054,7,2023,18,4.89
08019044,6,2023,5,0.24
08019044,6,2023,24,0.35
08019057,6,2023,4,0.29
08019057,6,2023,7,0.31
08019057,6,2023,13,0.27
08019057,6,2023,21,0.35
08019060,12,2025,6,31.02
08019060,12,2025,10,76.44
08019060,12,2025,15,37.71
08019060,12,2025,18,53.28
08019060,8,2025,2,29.57
08019060,8,2025,22,45.06
08019060,9,2025,4,12.41
08019060,9,2025,7,10.82
08019060,9,2025,13,10.76
08019060,9,2025,21,13.91
08019060,7,2025,3,7.67
08019060,7,2025,11,22.59
08019060,7,2025,19,18.64
08019054,10,2026,12,20.71
08019054,10,2026,16,16.82
08019054,10,2026,17,17.31
08019054,10,2026,23,18.59
08019043,10,2026,2,20.03
08019043,10,2026,22,22.06
08019042,8,2026,2,17.62
08019042,8,2026,22,19.82
08019004,8,2026,8,32.11
08019004,8,2026,9,34.94
08019004,8,2026,14,17.77
08019004,8,2026,20,21.66
08019060,9,2026,1,13.2
08019060,9,2026,12,12.74
08019060,9,2026,16,9.96
08019060,9,2026,17,9.77
08019060,9,2026,23,12.64
08019060,1,2026,5,2.34
08019060,1,2026,24,2.4
08019058,8,2026,1,6.44
08019058,8,2026,12,13.0
08019058,8,2026,16,8.75
08019058,8,2026,17,8.48
08019058,8,2026,23,8.25
08019058,10,2026,6,16.61
08019058,10,2026,10,24.8
08019058,10,2026,15,24.29
08019058,10,2026,18,23.09
08019057,10,2026,4,12.52
08019057,10,2026,7,15.55
08019057,10,2026,13,19.53
08019057,10,2026,21,13.99
08019054,6,2026,4,0.22
08019054,6,2026,7,0.26
08019054,6,2026,13,0.23
08019054,6,2026,21,0.25
08019050,8,2026,2,19.41
08019050,8,2026,22,22.0
08019044,8,2026,1,22.21
08019044,8,2026,12,31.78
08019044,8,2026,16,24.1
08019044,8,2026,17,25.76
08019044,8,2026,23,25.45
08019043,8,2026,6,23.52
08019043,8,2026,10,41.66
08019043,8,2026,15,24.11
08019043,8,2026,18,25.0
08019004,7,2026,6,1.25
08019004,7,2026,10,12.02
08019004,7,2026,15,2.73
08019004,7,2026,18,2.12
08019054,12,2026,4,18.58
08019054,12,2026,7,32.29
08019054,12,2026,13,19.6
08019054,12,2026,21,23.33
08019054,14,2026,6,53.68
08019054,14,2026,10,62.95
08019054,14,2026,15,91.68
08019054,14,2026,18,87.9
08019054,7,2026,5,1.67
08019054,7,2026,24,2.64
08019054,8,2026,1,23.68
08019054,8,2026,12,17.88
08019054,8,2026,16,11.49
08019054,8,2026,17,12.54
08019054,8,2026,23,26.18
08019057,12,2026,2,16.07
08019057,12,2026,22,21.57
08019057,14,2026,4,55.24
08019057,14,2026,7,44.58
08019057,14,2026,13,78.43
08019057,14,2026,21,72.29
08019057,7,2026,3,1.95
08019057,7,2026,11,5.78
08019057,7,2026,19,2.33
08019057,8,2026,8,27.36
08019057,8,2026,9,28.4
08019057,8,2026,14,12.42
08019057,8,2026,20,16.0
08019058,14,2026,5,81.71
08019058,14,2026,24,78.71
08019060,10,2026,3,21.26
08019060,10,2026,11,35.84
08019060,10,2026,19,20.3
08019060,6,2026,1,0.27
08019060,6,2026,12,0.27
08019060,6,2026,16,0.27
08019060,6,2026,17,0.27
08019060,6,2026,23,0.33
08019060,7,2026,6,2.72
08019060,7,2026,10,20.58
08019060,7,2026,15,8.23
08019060,7,2026,18,7.41
08019050,7,2026,8,7.55
08019050,7,2026,9,13.12
08019050,7,2026,14,5.49
08019050,7,2026,20,2.95
08019050,14,2026,3,42.12
08019050,14,2026,11,55.22
08019050,14,2026,19,69.35
08019044,1,2026,8,2.35
08019044,1,2026,9,2.46
08019044,1,2026,14,2.61
08019044,1,2026,20,2.22
08019043,1,2026,3,3.39
08019043,1,2026,11,3.99
08019043,1,2026,19,3.66
08019043,9,2026,8,11.3
08019043,9,2026,9,12.09
08019043,9,2026,14,10.26
08019043,9,2026,20,9.43
08019044,12,2026,1,27.01
08019044,12,2026,12,49.69
08019044,12,2026,16,35.47
08019044,12,2026,17,37.12
08019044,12,2026,23,31.19
08019004,10,2026,5,14.51
08019004,10,2026,24,21.75
08019004,12,2026,5,20.13
08019004,12,2026,24,28.15
08019042,12,2026,5,16.42
08019042,12,2026,24,19.16
08019042,7,2026,2,1.81
08019042,7,2026,22,1.31
08019043,6,2026,6,0.21
08019043,6,2026,10,0.34
08019043,6,2026,15,0.23
08019043,6,2026,18,0.24
08019054,10,2026,1,16.8
08019054,1,2026,3,2.27
08019054,1,2026,11,2.53
08019054,1,2026,19,2.29
08019057,1,2026,1,1.45
08019057,1,2026,12,1.79
08019057,1,2026,16,1.72
08019057,1,2026,17,1.59
08019057,1,2026,23,1.42
08019057,9,2026,1,8.56
08019057,9,2026,12,9.31
08019057,9,2026,16,7.47
08019057,9,2026,17,7.29
08019057,9,2026,23,8.11
08019058,7,2026,8,1.05
08019058,7,2026,9,1.24
08019058,7,2026,14,1.61
08019058,7,2026,20,1.19
08019060,14,2026,8,26.59
08019060,14,2026,9,27.2
08019060,14,2026,14,70.02
08019060,14,2026,20,61.71
08019060,8,2026,3,22.41
08019060,8,2026,11,32.18
08019060,8,2026,19,26.68
08019043,7,2026,2,2.4
08019043,7,2026,22,3.22
08019050,12,2026,8,39.82
08019050,12,2026,9,53.84
08019050,12,2026,14,28.71
08019050,12,2026,20,26.81
08019060,12,2026,5,22.99
08019060,12,2026,24,39.36
08019057,6,2026,6,0.28
08019057,6,2026,10,0.41
08019057,6,2026,15,0.28
08019057,6,2026,18,0.29
08019057,1,2025,2,1.52
08019057,1,2025,22,1.54
08019058,7,2025,8,1.28
08019058,7,2025,9,1.44
08019058,7,2025,14,2.15
08019058,7,2025,20,1.43
08019058,14,2025,3,75.57
08019058,14,2025,11,68.22
08019058,14,2025,19,76.55
08019057,14,2025,8,42.83
08019057,14,2025,9,43.88
08019057,14,2025,20,70.22
08019057,12,2025,3,11.11
08019057,12,2025,11,25.52
08019057,12,2025,19,18.22
08019054,7,2025,3,2.59
08019054,7,2025,11,4.57
08019054,7,2025,19,3.38
08019050,12,2025,2,25.16
08019050,12,2025,22,27.78
08019044,8,2025,3,18.3
08019044,8,2025,11,29.77
08019044,8,2025,19,28.23
08019044,1,2025,3,1.95
08019044,1,2025,11,2.1
08019044,1,2025,19,2.05
08019044,12,2025,6,25.66
08019044,12,2025,10,56.81
08019044,12,2025,15,33.1
08019044,12,2025,18,38.38
08019054,12,2025,4,17.77
08019054,12,2025,7,29.0
08019054,12,2025,13,18.63
08019054,12,2025,21,30.46
08019043,14,2025,16,74.63
08019043,14,2025,17,73.35
08019043,14,2025,23,54.53
08019004,7,2025,6,1.9
08019004,7,2025,10,13.75
08019004,7,2025,15,3.04
08019004,7,2025,18,2.48
08019004,12,2025,8,39.79
08019004,12,2025,9,50.35
08019004,12,2025,14,21.64
08019004,12,2025,20,28.29
08019043,7,2025,4,3.41
08019043,7,2025,7,6.49
08019043,7,2025,13,9.82
08019043,7,2025,21,6.83
08019054,1,2025,1,2.09
08019054,1,2025,12,2.3
08019054,1,2025,16,2.27
08019054,1,2025,17,2.25
08019054,1,2025,23,2.05
08019004,8,2025,5,19.26
08019004,8,2025,24,24.51
08019058,8,2025,6,3.66
08019058,8,2025,10,8.62
08019058,8,2025,15,9.49
08019058,8,2025,18,9.05
08019043,6,2025,4,0.23
08019043,6,2025,7,0.25
08019043,6,2025,13,0.25
08019043,6,2025,21,0.34
08019058,10,2025,8,14.44
08019058,10,2025,9,16.45
08019058,10,2025,14,18.93
08019058,10,2025,20,19.87
08019057,10,2025,2,13.58
08019057,10,2025,22,15.41
08019042,12,2025,3,17.51
08019042,12,2025,11,29.68
08019042,12,2025,19,18.68
08019042,7,2025,2,2.07
08019042,7,2025,22,2.14
08019042,8,2025,1,18.63
08019042,8,2025,12,18.21
08019042,8,2025,16,12.09
08019042,8,2025,17,12.75
08019042,8,2025,23,21.62
08019044,14,2025,4,50.58
08019044,14,2025,7,43.55
08019044,14,2025,13,57.69
08019044,14,2025,21,55.98
08019044,7,2025,1,3.9
08019044,7,2025,12,11.24
08019044,7,2025,16,7.24
08019044,7,2025,17,7.22
08019044,7,2025,23,5.73
08019050,14,2025,5,36.47
08019050,14,2025,24,47.84
08019050,7,2025,5,2.18
08019050,7,2025,24,3.0
08019050,8,2025,8,27.63
08019050,8,2025,9,33.15
08019050,8,2025,14,17.7
08019050,8,2025,20,23.85
08019054,10,2025,2,15.72
08019054,10,2025,22,19.46
08019054,14,2025,4,52.96
08019054,14,2025,7,44.62
08019054,14,2025,13,76.01
08019054,14,2025,21,64.82
08019054,8,2025,6,17.18
08019054,8,2025,10,20.44
08019054,8,2025,15,12.13
08019054,8,2025,18,15.15
08019057,14,2025,14,78.02
08019057,7,2025,8,5.2
08019057,7,2025,9,10.58
08019057,7,2025,14,2.4
08019057,7,2025,20,2.13
08019057,8,2025,6,10.46
08019057,8,2025,10,22.14
08019057,8,2025,15,11.19
08019057,8,2025,18,13.61
08019057,9,2025,8,9.31
08019057,9,2025,9,10.21
08019057,9,2025,14,9.2
08019057,9,2025,20,8.15
08019058,12,2025,5,5.05
08019058,12,2025,24,10.48
08019043,14,2025,1,51.13
08019043,14,2025,12,58.58
08019060,10,2025,5,17.55
08019060,10,2025,24,25.24
08019060,14,2025,2,22.46
08019060,14,2025,22,21.66
08019060,6,2025,1,0.29
08019060,6,2025,12,0.25
08019060,6,2025,16,0.29
08019060,6,2025,17,0.3
08019060,6,2025,23,0.43
08019060,1,2025,8,2.75
08019060,1,2025,9,2.89
08019060,1,2025,14,2.73
08019060,1,2025,20,2.84
08019057,14,2024,2,55.44
08019057,14,2024,22,60.26
08019044,8,2024,1,23.61
08019044,8,2024,12,30.61
08019044,8,2024,16,25.45
08019044,8,2024,17,26.37
08019044,8,2024,23,27.77
08019054,12,2024,4,19.03
08019054,12,2024,7,30.17
08019054,12,2024,13,20.43
08019054,12,2024,21,32.93
08019044,7,2024,1,6.0
08019044,7,2024,12,15.27
08019044,7,2024,16,9.27
08019044,7,2024,17,9.36
08019044,7,2024,23,7.69
08019057,10,2024,4,12.21
08019057,10,2024,7,13.16
08019057,10,2024,13,19.68
08019057,10,2024,21,16.04
08019043,8,2024,6,24.87
08019043,8,2024,10,41.59
08019043,8,2024,15,29.01
08019043,8,2024,18,32.92
08019004,12,2024,5,21.54
08019004,12,2024,24,34.49
08019004,7,2024,6,2.26
08019004,7,2024,10,14.77
08019004,7,2024,15,3.53
08019004,7,2024,18,3.1
08019004,10,2024,1,18.52
08019004,10,2024,12,28.59
08019004,10,2024,16,21.77
08019004,10,2024,17,24.38
08019004,10,2024,23,20.95
08019043,10,2024,4,17.06
08019043,10,2024,7,17.87
08019043,10,2024,13,25.01
08019043,10,2024,21,23.09
08019054,1,2024,1,1.36
08019054,1,2024,12,1.69
08019054,1,2024,16,1.65
08019054,1,2024,17,1.61
08019054,1,2024,23,1.38
08019044,14,2024,8,35.98
08019044,14,2024,9,34.64
08019044,14,2024,14,61.4
08019044,14,2024,20,57.63
08019050,8,2024,6,20.11
08019050,8,2024,10,34.17
08019050,8,2024,15,19.01
08019050,8,2024,18,22.27
08019050,12,2024,2,29.88
08019050,12,2024,22,31.04
08019004,8,2024,3,22.17
08019004,8,2024,11,26.78
08019004,8,2024,19,22.5
08019042,12,2024,2,21.27
08019042,12,2024,22,27.97
08019042,7,2024,2,2.82
08019042,7,2024,22,3.57
08019042,8,2024,6,15.52
08019042,8,2024,10,27.47
08019042,8,2024,15,13.42
08019042,8,2024,18,15.39
08019043,14,2024,5,42.56
08019043,14,2024,24,46.5
08019043,6,2024,2,0.27
08019043,6,2024,22,0.43
08019043,9,2024,3,10.11
08019043,9,2024,11,11.25
08019043,9,2024,19,9.56
08019044,12,2024,6,27.87
08019044,12,2024,10,64.45
08019044,12,2024,15,37.24
08019044,12,2024,18,40.22
08019044,1,2024,1,1.7
08019044,1,2024,12,1.99
08019044,1,2024,16,1.88
08019044,1,2024,17,1.85
08019044,1,2024,23,1.71
08019050,14,2024,1,40.89
08019050,14,2024,12,51.51
08019050,14,2024,16,67.13
08019050,14,2024,17,66.68
08019050,14,2024,23,47.56
08019050,7,2024,5,2.73
08019050,7,2024,24,4.96
08019054,10,2024,6,13.61
08019054,10,2024,10,19.74
08019054,10,2024,15,20.92
08019054,10,2024,18,21.33
08019054,14,2024,8,39.7
08019054,14,2024,9,43.99
08019054,14,2024,14,76.52
08019054,14,2024,20,66.46
08019054,8,2024,2,20.15
08019054,8,2024,22,27.38
08019054,9,2024,1,9.15
08019054,9,2024,12,8.72
08019054,9,2024,16,9.28
08019054,9,2024,17,9.26
08019054,9,2024,23,10.4
08019057,12,2024,5,10.56
08019057,12,2024,24,20.21
08019057,1,2024,2,1.88
08019057,1,2024,22,1.94
08019057,6,2024,3,0.26
08019057,6,2024,11,0.3
08019057,6,2024,19,0.29
08019057,7,2024,2,1.34
08019057,7,2024,22,2.95
08019057,8,2024,2,13.19
08019057,8,2024,22,21.08
08019057,9,2024,5,7.67
08019057,9,2024,24,9.02
08019058,10,2024,5,11.9
08019058,10,2024,24,13.32
08019058,12,2024,8,5.06
08019058,12,2024,9,7.24
08019058,12,2024,14,13.34
08019058,12,2024,20,9.75
08019058,14,2024,3,75.97
08019058,14,2024,11,67.7
08019058,14,2024,19,78.95
08019058,7,2024,8,1.03
08019058,7,2024,9,1.25
08019058,7,2024,14,2.33
08019058,7,2024,20,1.13
08019058,8,2024,5,4.24
08019058,8,2024,24,6.55
08019044,10,2024,6,15.52
08019044,10,2024,10,29.42
08019044,10,2024,15,26.81
08019044,10,2024,18,28.08
08019054,12,2023,3,16.44
08019054,12,2023,11,27.54
08019054,12,2023,19,37.4
08019004,8,2023,8,28.59
08019004,8,2023,9,31.52
08019004,8,2023,14,23.88
08019004,8,2023,20,32.31
08019043,6,2023,5,0.24
08019043,6,2023,24,0.51
08019043,7,2023,3,9.11
08019043,7,2023,11,21.62
08019043,7,2023,19,17.17
08019042,12,2023,3,22.66
08019042,12,2023,11,37.83
08019042,12,2023,19,29.68
08019058,14,2023,4,67.44
08019058,14,2023,7,67.56
08019058,14,2023,13,64.82
08019058,14,2023,21,69.44
08019057,9,2023,6,6.58
08019057,9,2023,10,8.0
08019057,9,2023,15,6.87
08019057,9,2023,18,7.6
08019044,7,2023,1,4.48
08019044,7,2023,12,9.91
08019044,7,2023,16,5.93
08019044,7,2023,17,5.88
08019044,7,2023,23,7.97
08019044,12,2023,6,19.39
08019044,12,2023,10,51.43
08019044,12,2023,15,33.49
08019044,12,2023,18,40.29
08019057,7,2023,6,1.2
08019057,7,2023,10,11.98
08019057,7,2023,15,3.13
08019057,7,2023,18,3.26
08019054,1,2023,1,1.13
08019054,1,2023,12,1.48
08019054,1,2023,16,1.5
08019054,1,2023,17,1.37
08019054,1,2023,23,1.19
08019054,8,2023,2,16.91
08019054,8,2023,22,29.15
08019042,7,2023,4,2.4
08019042,7,2023,7,3.51
08019042,7,2023,13,4.85
08019042,7,2023,21,7.41
08019004,7,2023,2,5.03
08019004,7,2023,22,10.51
08019042,8,2023,5,15.49
08019042,8,2023,24,28.26
08019057,12,2023,4,13.22
08019057,12,2023,7,15.09
08019057,12,2023,13,20.38
08019057,12,2023,21,37.31
08019058,7,2023,4,1.23
08019058,7,2023,7,1.23
08019058,7,2023,13,3.1
08019058,7,2023,21,1.27
08019043,9,2023,6,8.45
08019043,9,2023,10,12.34
08019043,9,2023,15,9.94
08019043,9,2023,18,11.07
08019043,8,2023,8,39.98
08019043,8,2023,9,45.27
08019043,8,2023,14,34.33
08019043,8,2023,20,46.21
08019044,14,2023,4,41.4
08019044,14,2023,7,37.53
08019044,14,2023,13,47.28
08019044,14,2023,21,35.94
08019058,12,2023,2,6.09
08019058,12,2023,22,8.01
08019054,14,2023,1,47.18
08019054,14,2023,12,55.59
08019054,14,2023,16,66.76
08019054,14,2023,17,64.51
08019054,14,2023,23,43.7
08019043,10,2023,2,19.48
08019043,10,2023,22,29.69
08019058,10,2023,2,11.65
08019058,10,2023,22,14.27
08019058,8,2023,8,4.78
08019058,8,2023,9,6.23
08019058,8,2023,14,11.18
08019058,8,2023,20,9.2
08019054,6,2023,2,0.22
08019054,6,2023,22,0.29
08019043,1,2023,6,1.69
08019043,1,2023,10,2.1
08019043,1,2023,15,2.14
08019043,1,2023,18,1.88
08019050,12,2023,6,24.72
08019050,12,2023,10,69.02
08019050,12,2023,15,32.8
08019050,12,2023,18,38.57
08019057,10,2023,5,9.15
08019057,10,2023,24,11.76
08019050,14,2023,3,27.65
08019050,14,2023,11,32.21
08019050,14,2023,19,40.38
08019004,10,2023,8,31.74
08019004,10,2023,9,24.7
08019004,10,2023,14,29.68
08019004,10,2023,20,27.44
08019004,12,2023,3,30.31
08019004,12,2023,11,52.6
08019004,12,2023,19,42.56
08019044,8,2023,2,20.16
08019044,8,2023,22,35.75
08019050,8,2023,1,32.02
08019050,8,2023,12,35.1
08019050,8,2023,16,25.95
08019050,8,2023,17,27.77
08019050,8,2023,23,37.2
08019054,10,2023,5,11.92
08019054,10,2023,24,18.34
08019057,8,2023,6,10.33
08019057,8,2023,10,21.98
08019057,8,2023,15,12.27
08019057,8,2023,18,20.19
08019054,7,2023,3,1.89
08019054,7,2023,11,7.06
08019054,7,2023,19,7.83
08019044,6,2023,8,0.3
08019044,6,2023,9,0.36
08019044,6,2023,14,0.34
08019044,6,2023,20,0.42
08019057,6,2023,2,0.29
08019057,6,2023,22,0.35
08019060,12,2025,3,36.53
08019060,12,2025,11,64.57
08019060,12,2025,19,68.07
08019060,8,2025,4,22.43
08019060,8,2025,7,24.93
08019060,8,2025,13,24.98
08019060,8,2025,21,46.94
08019060,9,2025,2,13.9
08019060,9,2025,22,14.68
08019060,7,2025,6,6.31
08019060,7,2025,10,28.07
08019060,7,2025,15,10.03
08019060,7,2025,18,13.53
